CatalogNo,SongNumber,RecordingDay,RecordingMonth,RecordingYear,RecordingTime,RecordingTimeSeconds,Latitude,Longitude,TimeOfDay,PlaybackUsed,Duration of Song Bout (log(ms)),Mean Syllable Duration (log(ms)),Mean Inter-Syllable Silence Duration (log(ms)),Total Number of Syllables (log(number))
31,b1of4,10,6,1977,14:05:00,50700,49.48333,-123.33333,after noon,,7.959575406,3.2220454,3.100854666,4.110873864
15426,b7of7,21,4,1951,7:30:00,27000,21.00899,-99.115651,after sunrise,,7.697078066,3.834000176,3.514288083,3.33220451
15427,b3of9,13,6,1958,9:30:00,34200,48.682703,-113.644101,after sunrise,,8.161062317,3.394033122,3.26637288,4.143134726
15434,b9of32,15,5,1962,7:50:00,28200,38.61039,-79.871513,after sunrise,,7.934422497,3.428750784,3.23895154,3.912023005
15435,b2of4,12,6,1963,12:10:00,43800,44.659745,-84.129089,after noon,,7.864852767,3.78725132,3.068327386,3.688879454
15436,b3of8,16,6,1963,10:15:00,36900,46.704915,-92.525195,after sunrise,,7.733600172,3.833085987,3.166328612,3.496507561
15437,b5of26,23,6,1963,7:40:00,27600,47.840854,-83.403537,after sunrise,,7.859229281,3.501071751,3.110058686,3.850147602
15438,b5of16,25,6,1963,5:15:00,18900,48.1533,-80.031136,before sunrise,,7.899712858,3.416745398,3.082146938,3.951243719
15439,b1of21,13,5,1963,11:15:00,40500,35.641389,-83.58208,after sunrise,,7.875644021,3.713787125,2.884018446,3.80666249
15441,b1of3,12,4,1964,10:15:00,36900,40.903366,-84.38409,after sunrise,,7.16816403,3.325835062,3.2220454,3.218875825
15442,b4of7,24,4,1964,9:00:00,32400,40.903366,-84.38409,after sunrise,,6.97674815,4.290676856,3.289349082,2.397895273
15443,b2of7,6,6,1964,5:15:00,18900,44.517158,-83.962551,after sunrise,,7.834279187,3.634088415,3.317900522,3.663561646
26263,b1of12,24,4,1976,6:05:00,21900,39.6,-82.6,after sunrise,,7.720870056,3.770928891,3.411025471,3.433987204
26272,b2of21,24,4,1976,8:25:00,30300,39.6,-82.6,after sunrise,,6.860963117,4.355894494,3.85558462,2.079441542
26284,b1of17,15,5,1976,7:50:00,28200,39.6,-82.6,after sunrise,,7.45523422,3.808717989,3.336336748,3.17805383
38506,b1of6,8,6,1987,6:45:00,24300,42.26667,-76.63333,after sunrise,,7.550110293,4.033444329,3.952105231,2.890371758
38507,b3of24,8,6,1987,7:00:00,25200,42.2666667,-76.65,after sunrise,,7.289664694,4.514294603,3.830020707,2.397895273
38511,b1of3,8,6,1987,7:23:00,26580,42.2666667,-76.65,after sunrise,,7.571097595,4.285399799,3.439830033,2.944438979
39720,b3of5,22,7,1987,19:25:00,69900,46,-102,after noon,,7.898416987,3.992170365,3.774199219,3.33220451
39874,b2of9,20,4,1986,6:40:00,24000,42.43333,-123.03333,after sunrise,,7.813835329,3.029000439,3.00678211,4.110873864
40677,b2of13,5,5,1985,7:30:00,27000,43.83251,-121.261654,after sunrise,,7.754236479,3.264929531,2.945634065,3.951243719
42245,b7of16,12,6,1988,6:15:00,22500,42.983479,-120.828597,after sunrise,,7.716778917,3.805749831,3.515699657,3.36729583
44360,b3of8,24,5,1977,7:15:00,26100,31.883976,-109.206052,after sunrise,yes,7.897001392,3.450348978,3.31594812,3.828641396
49496,b2of9,13,6,1990,9:00:00,32400,39.68333,-120.43333,after sunrise,,7.865096551,3.650691799,3.117956595,3.761200116
49616,b1of9,9,6,1987,8:10:00,29400,42.25,-76.66667,after sunrise,,8.134141678,2.909507679,3.026454172,4.477336814
50145,b20of23,12,5,1990,7:56:00,28560,42.35485,-122.786982,after sunrise,,7.989076071,3.925111578,3.16322457,3.688879454
63030,b2of8,23,6,1991,5:00:00,18000,45.86667,-117.967,before sunrise,,8.450985553,3.259452287,3.267776389,4.49980967
63970,b6of8,22,5,1993,6:45:00,24300,45.2416667,-81.6333333,after sunrise,,7.552278948,4.48358529,3.482785496,2.772588722
73829,b1of15,6,6,1995,6:20:00,22800,39.71667,-120.46667,after sunrise,,7.770980052,3.887878995,2.96971993,3.555348061
73848,b1of21,8,6,1995,5:20:00,19200,39.75,-120.35,before sunrise,,7.038783541,3.964208759,2.986162823,2.772588722
73955,b13of16,27,5,1992,12:12:00,43920,38.476098,-86.540068,after noon,,7.756684461,3.877300098,3.240253469,3.465735903
76556,b2of20,18,6,1994,10:45:00,38700,48.227419,-101.258572,after sunrise,,7.886081402,2.589013247,3.089791069,4.33073334
76777,b4of17,4,6,1992,13:11:00,47460,31.0333,-92.9667,after noon,,7.783488532,3.663646829,2.846419958,3.761200116
80351,b8of21,6,6,1991,7:00:00,25200,39.58333,-120.11667,after sunrise,,7.702398375,3.453914164,3.250290298,3.663561646
84583,b43.35,12,6,1997,5:01:00,18060,39.71667,-120.46667,before sunrise,,6.919432862,3.327927001,3.5148567,2.833213344
84755,b11of13,6,4,1997,7:58:00,28680,39.25,-77.4,after sunrise,,7.857143006,3.37264548,3.134916593,3.912023005
87491,b1of4,5,5,1998,6:56:00,24960,42.605724,-76.535519,after sunrise,,7.833902042,4.590137119,3.373813878,2.995732274
93745,b9of9,7,5,1998,8:15:00,29700,42.354488,-76.692551,after sunrise,,7.805720388,4.053118312,3.2220454,3.401197382
94460,b3of17,19,7,1998,5:55:00,21300,39.46667,-77.75,before sunrise,,7.496951884,4.566605342,4.075897437,2.48490665
94461,b20of50,19,7,1998,5:55:00,21300,39.4784068,-77.7443647,before sunrise,,7.870323573,4.677729674,3.900046814,2.833213344
94463,b5of10,19,7,1998,5:55:00,21300,39.4784068,-77.744236,before sunrise,,7.718332699,4.703458131,3.748302875,2.708050201
94464,b6of30,19,7,1998,6:01:00,21660,39.4783,-77.7443,before sunrise,,7.836162781,4.666201162,3.811500854,2.833213344
105316,b3of13,16,6,1993,8:08:00,29280,40.371906,-105.52743,after sunrise,,7.822139432,3.196626858,2.939016044,4.060443011
105492,b3of5,8,6,1994,11:41:00,42060,36.053996,-84.672822,after sunrise,,8.0381328,4.497364681,3.417778725,3.258096538
106500,b2of3,31,5,1993,14:20:00,51600,39.7166667,-120.4666667,after noon,,7.85505237,3.970415226,3.158299302,3.526360525
106527,b4of28,3,6,1993,6:20:00,22800,39.58333,-120.11667,after sunrise,,7.842291248,3.772419781,2.495433063,3.828641396
106563,b1of12,13,6,1993,9:25:00,33900,39.71667,-120.46667,after sunrise,,7.781370448,3.747634916,2.885702983,3.688879454
106641,b1of14,11,6,1994,6:15:00,22500,39.71667,-120.46667,after sunrise,,7.629381931,3.654977903,3.031048946,3.555348061
106704,b3of5,8,6,1995,8:15:00,29700,39.71667,-120.46667,after sunrise,,7.815885823,3.338533645,3.084335084,3.912023005
106759,b1of2,6,6,1996,7:45:00,27900,39.00041,-120.00036,after sunrise,,7.703115169,2.495760234,2.757251697,4.382026635
106878,b2of11,28,5,1998,5:15:00,18900,42.00017,-76.00039,before sunrise,,7.967417717,4.001676392,3.519568134,3.496507561
106965,b4of7,6,6,1999,11:00:00,39600,43.00041,-74.93917,after sunrise,,7.727045514,3.674445985,3.189327907,3.583518938
107017,b1of5,3,6,2000,12:00:00,43200,39.00035,-120.00029,after sunrise,,8.254714635,2.413870877,2.982978478,4.828313737
107540,b2of5,3,6,1994,6:30:00,23400,39.71667,-120.467,after sunrise,,7.682994348,3.852118676,2.333421749,3.63758616
107969,b2of10,28,4,1992,9:00:00,32400,42.00023,-76.00034,after sunrise,,7.703115169,4.408352532,3.769137609,2.890371758
109257,b8of12,17,6,2000,10:02:00,36120,42.856381,-121.563058,after sunrise,,7.663206343,3.335129178,2.809959988,3.871201011
112089,b3of3,8,6,1998,7:51:00,28260,42.2633333,-76.6266667,after sunrise,,7.572731582,3.537329556,3.304691744,3.465735903
112135,b1of15,11,6,1998,9:15:00,33300,42.26683,-76.65117,after sunrise,,7.851475873,3.747811879,3.32391883,3.610917913
118862,b1of14,25,5,2001,7:41:00,27660,35.74504,-118.127143,after sunrise,,7.919183016,3.297403344,2.949762986,4.094344562
118865,b2.28.4,25,5,2001,8:20:00,30000,35.819561,-118.073507,after sunrise,,7.521996671,3.921259824,3.065613639,3.258096538
119431,b1.07,31,5,2001,5:08:00,18480,36.04,-118.504444,before sunrise,,7.46728036,3.353795143,3.292588722,3.465735903
119474,b4of22,28,4,2002,8:45:00,31500,38.971229,-123.11659,after sunrise,,7.785734091,2.679639199,3.049911709,4.219507705
129063,b22.9,17,6,2005,4:56:00,17760,42.830911,-118.924169,before sunrise,,7.0998176,2.636787181,3.308147007,3.401197382
129066,b1of28,17,6,2005,5:18:00,19080,42.830911,-118.924169,before sunrise,,7.915829054,3.847949984,3.098525394,3.688879454
130474,b2of19,3,6,1997,5:50:00,21000,44.975573,-110.593139,after sunrise,,8.105997409,4.024051139,3.23992262,3.713572067
132218,b5of26,24,6,2006,5:05:00,18300,65.9306,-149.8461,after sunrise,,7.960462127,2.941248275,2.540643321,4.510859507
141599,b2of6,13,6,2000,6:35:00,23700,39.6333333,-120.2833333,after sunrise,,7.763722931,4.009239852,3.068667979,3.433987204
141608,b2of6,13,6,2000,8:31:00,30660,39.6333333,-120.2833333,after sunrise,,7.998825974,3.581786431,2.973626907,3.988984047
146257,b9of10,26,6,2005,5:00:00,18000,51.606078,-100.923507,before sunrise,,7.55161217,3.079790209,2.263195053,4.110873864
164429,b4of5,15,6,2010,9:48:00,35280,39.6199104,-120.270896,after sunrise,,7.880096227,3.851886665,3.056897316,3.663561646
166621,b5of6,20,5,2011,19:30:00,70200,34.7473,-85.1373,after noon,,8.035977738,3.895582685,3.069708401,3.784189634
166698,b12of17,11,6,2012,7:08:00,25680,39.6429333,-120.5021833,after sunrise,,7.91490184,2.744417846,2.710128772,4.49980967
167877,b5of5,11,7,2014,8:48:00,31680,42.4352876,-76.3051343,after sunrise,,7.452107781,4.041379027,3.427850972,2.995732274
168310,b2of3,26,6,2011,5:30:00,19800,39.47774,-77.7446,before sunrise,,8.03525835,3.585120989,3.018401073,4.007333185
171947,b7of25,8,6,2010,5:09:00,18540,39.69412,-120.44262,before sunrise,,7.2693072,3.089869327,3.162313601,3.465735903
172206,b4of8,20,6,2010,5:20:00,19200,44.9016667,-110.4183333,before sunrise,,7.624897965,3.673570118,2.980680249,3.555348061
172257,b1of4,22,6,2010,6:22:00,22920,44.9833333,-110.7,after sunrise,,7.884289608,4.049514799,2.946451793,3.555348061
175596,b6of14,27,4,2013,11:37:00,41820,42.349733,-76.699017,after sunrise,,7.900889467,4.731217503,3.409394149,2.944438979
176208,b5of5,28,6,2009,6:45:00,24300,39.1295398,-86.1588192,after sunrise,,7.816141839,3.802740325,2.776549123,3.713572067
176221,b3of5,30,6,2009,6:40:00,24000,39.0726508,-86.2634254,after sunrise,,7.984435691,4.285264937,3.387881606,3.36729583
176251,b4of4,3,7,2009,12:30:00,45000,39.1161497,-86.1766291,after noon,,7.755325211,2.998751144,2.848427877,4.143134726
176252,b2of10,3,7,2009,12:57:00,46620,39.1161497,-86.1766291,after noon,,7.710254996,3.82742698,3.468778322,3.36729583
176261,b5of11,10,7,2009,6:15:00,22500,39.0895361,-86.2209284,before sunrise,,7.535982913,3.799517027,3.246096583,3.295836866
176280,b30of34,24,6,2010,5:57:00,21420,39.1324693,-86.3456726,before sunrise,,6.462459748,4.315722888,3.645076832,1.791759469
179374,b4of11,13,6,2013,7:07:00,25620,39.6193784,-120.2723765,after sunrise,,8.645991177,3.920003173,2.862992852,4.430816799
179993,b1of23,5,6,2013,7:17:00,26220,39.6193784,-120.2723765,after sunrise,,7.81997424,3.949317863,3.189888288,3.496507561
181462,b1of8,15,6,2013,10:20:00,37200,38.048111,-119.263575,after sunrise,,7.719884071,3.209876012,3.252642687,3.80666249
189871,b6of10,2,6,2005,8:20:00,30000,39.6225,-120.2716667,after sunrise,,7.896529081,3.36070602,2.788734246,4.094344562
190909,b11of11,21,4,2014,6:29:00,23340,42.259721,-78.08965,after sunrise,,7.731094951,3.527697103,3.342481578,3.610917913
191234,b4of8,10,7,2012,5:16:00,18960,39.4780424,-77.7445498,before sunrise,,7.221522722,3.69481419,3.390277491,2.995732274
191266,b5of10,23,5,2003,5:35:00,20100,40.7108333,-74.7022222,before sunrise,,7.900301336,4.03886541,3.53568617,3.401197382
192107,b2of5,28,4,2014,9:59:00,35940,39.9783,-105.2844,after sunrise,,7.682701865,3.599534354,2.974198826,3.663561646
192108,b2of4_bird1,26,4,2014,10:06:00,36360,39.9783,-105.2844,after sunrise,,7.530888659,3.8136359,2.730029108,3.433987204
192108,b2of4_bird1,26,4,2014,10:06:00,36360,39.9783,-105.2844,after sunrise,,7.744659173,4.110811052,2.959952346,3.36729583
195009,b9of11,25,4,2012,6:27:00,23220,44.3504,-101.5528,after sunrise,,7.727744864,3.226843995,3.026356676,3.912023005
195793,b6of18,6,6,2014,5:58:00,21480,46.213932,-84.9936676,after sunrise,,7.967857713,2.776418811,2.762173116,4.510859507
206449,b6of10,2,6,2015,6:22:00,22920,62.8906001,-141.5481949,after sunrise,,7.599790731,3.615483479,2.936410657,3.583518938
206461,b8of8,3,6,2015,7:13:00,25980,63.3784085,-143.5563755,after sunrise,,8.094630366,2.777369132,2.706587807,4.663439094
209314,b5of5,20,4,2014,7:30:00,27000,39.088655,-86.220443,after sunrise,,7.547267244,3.633075503,3.182014232,3.433987204
213694,b1of13,11,7,2008,5:18:00,19080,42.3540407,-76.6856003,before sunrise,,7.304078195,4.251729398,3.655987876,2.63905733
214968,b8of8,14,7,2014,5:38:00,20280,44.17,-107.252,before sunrise,,7.488639873,3.028123769,2.540060905,3.988984047
219595,b3of4,28,4,2009,5:55:00,21300,42.33671,-76.329797,before sunrise,,7.918836575,4.058319795,3.364519941,3.465735903
219652,b2of3,19,5,2009,7:42:00,27720,42.426647,-76.337689,after sunrise,,8.164952845,3.843168955,3.242406322,3.891820298
220753,b1of3,5,5,2009,6:51:00,24660,42.277243,-76.0061417,after sunrise,,7.770712207,4.455387059,3.121295496,3.091042453
224604,b4of7,16,6,2009,4:22:00,15720,44.4805241,-74.407289,before sunrise,,7.009681332,4.370415474,3.167415432,2.397895273
224606,b1of7,16,6,2009,4:38:00,16680,44.4805241,-74.407289,before sunrise,,6.645771894,4.286943187,3.770142418,1.945910149
224622,b10of12,17,6,2009,4:15:00,15300,44.4840605,-74.4020104,before sunrise,,6.521158655,4.305473674,3.287374747,1.945910149
224629,b6of11,18,6,2009,4:32:00,16320,44.4808303,-74.4073963,before sunrise,,7.025044365,4.369648757,3.614771482,2.302585093
516141,b1of6,14,7,2015,5:43:00,20580,44.181,-107.259,before sunrise,,7.619926695,3.99165863,3.098892568,3.295836866
527118,b1of1,30,3,2017,7:15:00,26100,13.531,-84.138,after sunrise,,7.594053663,4.065357025,3.765639355,2.995732274
25574571,b1of2,11,3,2016,11:55:00,42900,35.8461876,-84.1560137,after sunrise,,7.18778913,3.768398739,3.029289851,3.044522438
26292371,b5of6,27,3,2016,7:25:00,26700,36.3875711,-79.7036648,after sunrise,,7.635073816,3.968148814,3.205848727,3.295836866
27191601,b1of2,17,4,2016,8:44:00,31440,36.0151011,-84.1660004,after sunrise,,7.232366062,3.501416498,4.374058465,2.564949357
27432141,b1of3,21,4,2016,7:13:00,25980,35.8461876,-84.1560137,after sunrise,,8.038542762,4.412138927,3.512765695,3.295836866
27447641,b1.06,22,4,2016,7:35:00,27300,42.5371252,-76.5506476,after sunrise,,7.886320065,4.269723065,3.467718064,3.258096538
27575581,b3of4,21,6,2015,6:40:00,24000,39.9061809,-75.3574562,after sunrise,,7.958243848,4.384173799,3.704967427,3.17805383
27646801,b1of7,25,4,2016,6:01:00,21660,42.2148515,-71.0751915,after sunrise,,7.957021694,4.403617267,3.374386124,3.258096538
27647091,b1of1,25,4,2016,6:01:00,21660,42.2148515,-71.0751915,after sunrise,,8.020134797,3.521362413,3.178511601,3.970291914
28295391,b6of6,6,5,2016,8:43:00,31380,36.3312283,-82.4424711,after sunrise,,7.738176838,4.236174758,3.160035325,3.218875825
28478521,b1of3,12,3,2016,7:43:00,27780,35.8461876,-84.1560137,after sunrise,,7.617587878,2.768422838,3.504930558,3.737669618
29405651,b7of10_bird1,25,5,2016,18:30:00,66600,48.4933029,-123.4072459,after noon,,5.915645711,2.97089535,2.748491171,2.397895273
29804411,b3of5,31,5,2012,4:15:00,15300,44.528164,-72.816124,before sunrise,,7.812680075,2.757611922,3.171804613,4.143134726
29810211,b19of19,2,6,2016,17:33:00,63180,42.4712343,-76.4592433,after noon,,7.808174694,4.240630963,3.793559466,3.091042453
29855421,b2of3,5,6,2016,11:43:00,42180,43.8119861,-73.4951019,after sunrise,,7.384482287,2.724377094,3.412471458,3.583518938
29891771,b2of3,4,6,2016,6:46:00,24360,40.1422203,-75.345735,after sunrise,,8.043143292,4.017383521,3.835975832,3.433987204
29912751,b5of5,2,6,2016,4:25:00,15900,41.6704398,-71.2719503,before sunrise,,6.998147179,3.389284936,3.16138122,3.044522438
30045451,b1of1,10,6,2016,9:45:00,35100,43.3940482,-70.6263399,after sunrise,,7.634153006,4.070924288,3.35818758,3.17805383
30946051,b3of5,5,7,2016,6:45:00,24300,42.3954,-76.7769,after sunrise,,7.682116642,3.871531644,4.153017964,2.995732274
31356151,b1of8,29,6,2016,19:57:00,71820,43.26369,-123.46631,after noon,,8.086654446,3.335957612,2.581067468,4.369447852
31668351,b2of4,23,7,2016,11:00:00,39600,43.3211705,-70.8925803,after sunrise,,7.618991824,4.129784132,3.461095523,3.091042453
36028431,b1of1,4,6,2016,7:16:00,26160,40.4709797,-74.5232248,after sunrise,,7.669450788,3.084216488,3.701405714,3.555348061
47744191,b3of37,5,6,2016,7:00:00,25200,55.2355942,-114.0554609,after sunrise,,7.904059414,3.191906452,3.233466104,4.007333185
47979571,b6of30,10,6,2016,5:45:00,20700,55.505543,-114.039281,after sunrise,,7.934649899,2.928061279,2.523621915,4.49980967
48237091,b22of24,10,6,2016,5:45:00,20700,55.505543,-114.039281,after sunrise,,7.908970556,2.729668974,2.668012828,4.521788577
52595781,b4of5,27,3,2017,9:59:00,35940,38.6217,-77.7228,after sunrise,,7.29009797,4.343599257,3.395892329,2.63905733
52867771,b3of4,30,3,2017,8:10:00,29400,34.6644876,-89.4624424,after sunrise,,7.884767734,4.551287713,3.506557897,3.044522438
52971811,b1of1,30,3,2017,8:35:00,30900,30.0769673,-99.5034742,after sunrise,,7.665738555,3.302353629,3.65482395,3.496507561
53021931,b2of2,30,3,2017,7:50:00,28200,39.3497825,-76.5118374,after sunrise,,7.926086737,3.661316295,3.016900698,3.850147602
53366871,b2of2,3,4,2017,11:31:00,41460,40.316817,-76.397796,after sunrise,,7.842291248,3.926648938,2.703304903,3.663561646
53420611,b2of4,4,4,2017,10:30:00,37800,36.2283221,-81.5000153,after sunrise,,7.85085794,4.638642487,3.727345735,2.890371758
53487311,b1of1,5,4,2017,7:15:00,26100,41.573025,-71.721511,after sunrise,,7.625982144,3.730698684,4.073223606,3.044522438
53817461,b3of7,8,4,2017,7:37:00,27420,35.8461876,-84.1560137,after sunrise,,7.693177736,3.730891217,3.32109778,3.465735903
53817481,b2of5,8,4,2017,7:37:00,27420,35.8461876,-84.1560137,after sunrise,,8.219770713,4.193696278,4.012992944,3.433987204
54245591,b1of1,12,4,2017,7:51:00,28260,40.171062,-75.416025,after sunrise,,7.719884071,3.584061458,3.105219601,3.663561646
54367981,b1of2,10,4,2017,10:10:00,36600,39.5258047,-82.2603625,after sunrise,,7.86558394,3.615483479,3.589798,3.583518938
54615501,b1of4,13,4,2017,6:40:00,24000,43.8119861,-73.4951019,after sunrise,,7.46818706,3.079601029,2.966978136,3.761200116
54632481,b8of10,15,4,2017,15:26:00,55560,38.1296787,-122.5952339,after noon,,8.131717435,3.04869613,3.202003264,4.317488114
54636381,b3of4,15,4,2017,6:48:00,24480,41.0852971,-74.183338,after sunrise,,7.887035714,3.85889914,3.228005102,3.610917913
54719121,b1of1,16,4,2017,7:00:00,25200,43.1123805,-89.4845503,after sunrise,,7.616025621,3.070539572,3.09642352,3.850147602
54868471,b2of2,14,4,2017,7:05:00,25500,41.480261,-71.5635842,after sunrise,,8.004354962,4.448828556,3.969735561,3.091042453
54947101,b11of13,20,6,2016,5:15:00,18900,54.4614576,-110.1410294,after sunrise,,7.672410683,3.342603218,3.207060264,3.713572067
55143861,b3of14,20,4,2017,6:30:00,23400,37.462891,-77.9100446,before sunrise,,7.820229212,4.031859517,3.419917509,3.36729583
55176911,b1of1,20,4,2017,19:10:00,69000,38.858632,-99.3353976,after noon,,7.615087095,3.377744866,2.968258018,3.737669618
55265651,b1of6,21,4,2017,5:42:00,20520,38.9728225,-121.1465406,before sunrise,,7.678744946,3.997884296,3.034102285,3.36729583
55344231,b1of2,20,4,2017,13:35:00,48900,41.6806368,-71.3021922,after noon,,8.566618075,3.742845065,3.373045142,4.304065093
55470981,b1of3,23,4,2017,10:34:00,38040,40.7709151,-73.1553978,after sunrise,,8.230653323,3.680490143,3.283414346,4.043051268
55554691,b1of5,22,4,2017,19:59:00,71940,46.378527,-94.377093,after noon,,7.875885188,4.250194478,3.721134839,3.17805383
55584461,b2of2,23,4,2017,6:01:00,21660,41.0852971,-74.183338,before sunrise,,7.763588042,4.313536111,3.520518944,3.091042453
55863891,b1of3,26,4,2017,11:16:00,40560,36.4586859,-121.798026,after sunrise,,7.817037381,3.578693972,2.786923181,3.871201011
55891391,b3of8,26,4,2017,6:48:00,24480,49.2382662,-123.1517816,after sunrise,,7.827974791,3.842252378,3.251032936,3.555348061
55941541,b1of1,27,4,2017,14:13:00,51180,44.3354061,-69.1767025,after noon,,7.998292726,4.319976907,3.068175974,3.433987204
56023061,b1of1,27,4,2017,6:40:00,24000,42.3483635,-76.1646831,after sunrise,,8.1417491,2.657361216,3.331196192,4.406719247
56335081,b1of4,17,4,2017,7:30:00,27000,43.40066,-70.62553,after sunrise,,7.602012954,4.289990121,3.532669041,2.944438979
56336181,b6of9,30,4,2017,6:22:00,22920,42.4678,-76.4556,after sunrise,,7.754917076,4.053065799,3.284736223,3.33220451
56464981,b2of2,27,4,2017,7:10:00,25800,41.480261,-71.5635842,after sunrise,,7.962233215,4.139781741,3.718421133,3.33220451
56466101,b1of2,27,4,2017,7:45:00,27900,41.4688915,-71.5796614,after sunrise,,7.617119457,4.388806322,2.836941214,3.044522438
56682831,b1of2,27,3,2017,18:31:00,66660,35.9563584,-88.9985061,after noon,,8.079204892,3.532630138,3.302462541,3.970291914
56760661,b2of2,30,4,2017,7:43:00,27780,42.3483635,-76.1646831,after sunrise,,7.547769546,4.119098301,3.699842072,2.944438979
57105731,b2of2,4,5,2017,5:58:00,21480,43.8702152,-72.8392073,after sunrise,,7.619926695,3.586813273,3.421795073,3.433987204
57116861,b2of3,7,5,2017,10:40:00,38400,43.0027719,-77.6771057,after sunrise,,7.605495072,3.604226569,4.046083359,3.091042453
57170271,b2of7,25,4,2017,19:09:00,68940,42.4749353,-76.4600828,after noon,,8.218402022,4.163711475,3.903454656,3.496507561
57327041,b2of3,6,5,2017,6:10:00,22200,39.3754451,-113.2934189,before sunrise,,7.892861089,3.762378868,3.127873812,3.713572067
57536381,b3of3,23,4,2017,6:45:00,24300,42.4259195,-76.3357544,after sunrise,,7.81780435,3.76427156,3.714812836,3.401197382
57546081,b3of4,7,5,2017,6:28:00,23280,46.5753091,-112.0248735,after sunrise,,7.846273334,3.438564926,2.963143489,3.931825633
57546521,b5of6,7,5,2017,7:29:00,26940,46.5827185,-112.0235431,after sunrise,,7.664100797,3.916773608,2.825321073,3.465735903
58237601,b3of9,15,5,2017,9:05:00,32700,41.2407226,-76.9371486,after sunrise,,7.74424666,3.275046096,3.467718064,3.688879454
58447071,b9of9,17,5,2017,17:30:00,63000,43.6606071,-65.8169568,after noon,,8.051978079,4.1586626,3.99493564,3.295836866
59078691,b3of7,18,5,2017,8:38:00,31080,48.7245954,-116.3088334,after sunrise,,7.694479537,3.788269803,2.851060338,3.583518938
59170581,b2of3,18,5,2017,17:30:00,63000,33.2387369,-117.0042041,after noon,,7.698086784,3.366542947,3.718144913,3.465735903
59229281,b7of18,16,5,2017,6:23:00,22980,48.4577471,-123.3238292,after sunrise,,7.596607535,3.516743938,2.804826973,3.688879454
59630451,b3of3,28,5,2017,9:37:00,34620,51.684564,-120.015705,after sunrise,,7.824046011,3.514499699,3.223852085,3.761200116
59701521,b1of4,29,5,2017,10:40:00,38400,41.4124473,-88.2196999,after sunrise,,7.715930381,3.300323347,3.539603704,3.610917913
60825391,b1of2,11,6,2017,10:18:00,37080,38.0425019,-122.7990925,after sunrise,yes,7.646361306,3.814594181,2.924824304,3.496507561
60835531,b3of9,11,6,2017,5:32:00,19920,40.471743,-74.5586,before sunrise,,7.862167219,4.746027619,3.688879454,2.833213344
60937361,b1of4,12,5,2017,7:30:00,27000,35.6901148,-105.8881831,after sunrise,,7.685622855,3.405722276,3.101092789,3.737669618
60991241,b1of11,12,6,2017,6:00:00,21600,42.544628,-76.799615,after sunrise,,8.452341394,3.831239283,3.272567035,4.17438727
61069461,b4of7,14,6,2017,10:51:00,39060,42.456559,-76.477629,after sunrise,,7.576642293,3.772578473,3.950021971,3.044522438
61082981,b2of4,13,6,2017,15:40:00,56400,41.7068979,-86.0577321,after noon,,7.448232165,3.312566784,3.232277681,3.496507561
61110051,b2of4,7,5,2017,6:01:00,21660,48.2713287,-121.6035296,after sunrise,,7.70597722,3.2220454,2.889783696,3.951243719
61136181,b4of16,14,6,2017,5:15:00,18900,42.4563705,-76.4783031,before sunrise,,7.315545723,3.918352141,3.840759985,2.772588722
61229511,b1of6,14,6,2017,10:30:00,37800,42.4564505,-76.4775909,after sunrise,,7.72016588,3.784069376,3.952463975,3.17805383
61683011,b1of5,23,4,2017,11:57:00,43020,44.1190414,-94.5516754,after sunrise,,7.903824948,3.897160536,3.443422912,3.526360525
61752381,b2of6,23,6,2017,6:11:00,22260,19.831629,-99.7883468,before sunrise,,7.202554819,3.906565966,3.906881606,2.63905733
61915841,b2.22.80,29,5,2017,5:10:00,18600,39.2457593,-74.8549765,before sunrise,,7.832769753,3.692642207,3.15631608,3.688879454
61916011,b2of8,29,5,2017,5:10:00,18600,39.2457593,-74.8549765,before sunrise,,7.882374815,4.336702679,3.567985996,3.17805383
62047421,b1of2,18,6,2017,12:13:00,43980,40.6079253,-82.3048711,after noon,,8.576719171,4.362700084,3.261752849,3.931825633
62503991,b6of18,3,7,2017,5:40:00,20400,39.4731354,-77.7444763,before sunrise,,7.796625872,4.318193332,3.311987719,3.17805383
62507851,b3of3,3,7,2017,8:15:00,29700,42.6403124,-81.821756,after sunrise,,7.90464534,3.039723843,3.205823567,4.094344562
62534811,b4of4,3,7,2017,8:50:00,31800,35.105192,-81.2694073,after sunrise,,7.444527084,4.347527801,4.454716368,2.397895273
62595431,b2of2,2,7,2017,14:30:00,52200,40.7273563,-110.9003305,after noon,,7.663355474,2.783196938,2.854432238,4.158883083
62788091,b1of1,5,7,2017,10:10:00,36600,42.6401467,-70.9993172,after sunrise,,8.075854144,4.201002937,3.454951271,3.496507561
62880971,b2of3,19,6,2017,7:55:00,28500,46.6333975,-88.5335408,after sunrise,,8.012381195,3.537524174,3.601661913,3.761200116
62976331,b11of16,9,7,2017,6:59:00,25140,42.3337,-76.6796,after sunrise,,7.845900686,3.241497061,2.9342893,4.060443011
63391781,b4of5,5,7,2017,5:20:00,19200,36.7097,-118.8448,before sunrise,,7.794273853,3.826894245,3.266680598,3.526360525
63496741,b1of1,16,7,2017,7:00:00,25200,42.4678,-76.4556,after sunrise,,7.945617277,3.373432199,3.030823593,4.043051268
63757551,b1of2,18,7,2017,8:30:00,30600,35.1483,-76.6448,after sunrise,,7.785074155,4.029583925,3.528656243,3.295836866
64041271,b6of9,22,7,2017,12:15:00,44100,34.6645,-89.4624,after noon,,8.123186,4.042339359,2.911079388,3.80666249
64129161,b4of8,7,7,2017,6:48:00,24480,42.431,-76.2959,after sunrise,,7.919298469,4.360689497,3.496587725,3.218875825
64640681,b2of2,28,7,2017,7:45:00,27900,35.7708,-78.542,after sunrise,,7.708831103,3.528254438,3.540786776,3.496507561
64713371,b2of3,22,7,2017,8:50:00,31800,45.2742,-92.7725,after sunrise,,7.629227645,4.137415109,3.476636218,3.091042453
65256221,b4of4,5,8,2017,15:15:00,54900,33.7394,-79.421,after noon,,7.75573318,4.119217827,3.502980076,3.218875825
65614601,b1of2_bird2,4,7,2017,9:39:00,34740,44.9621,-115.1201,after sunrise,,7.534118032,4.434588965,3.767875041,2.708050201
65614601,b1of2_bird2,4,7,2017,9:39:00,34740,44.9621,-115.1201,after sunrise,,7.771916945,3.442654095,3.143693931,3.784189634
67370131,b6of6,11,6,2015,5:00:00,18000,39.698,-120.45,before sunrise,,7.939073932,3.870056355,3.354565381,3.610917913
67470971,b6of7_bird1,9,6,2008,14:00:00,50400,39.6169,-120.489,after noon,,7.675951032,2.661248109,2.897773085,4.204692619
70160751,b1of1,28,6,2017,9:28:00,34080,40.3135,-75.3475,after sunrise,,7.673001613,4.455584235,3.757872326,2.833213344
72202241,b3of23,21,6,2004,5:00:00,18000,39.6194,-120.276,before sunrise,,7.732209157,3.433019564,3.003637453,3.80666249
75257731,b2of11,8,6,2015,5:10:00,18600,39.6422,-120.505,before sunrise,,7.756684461,3.256746099,2.728252908,4.043051268
75263881,b18of19,9,6,2015,5:30:00,19800,39.6422,-120.505,before sunrise,,7.901594769,2.942879815,2.877949238,4.304065093
75281061,b5of6,11,6,2015,5:20:00,19200,39.698,-120.45,before sunrise,,8.775838706,3.288180538,2.767266057,5.023880521
XC100725,b1of1,8,5,2012,8:00:00,28800,40.043,-76.345,after sunrise,,8.229299456,3.916870325,3.289102503,3.891820298
XC102952,b1of5,14,6,2010,8:10:00,29400,39.698,-120.453,after sunrise,,8.022844826,3.398382577,2.891462957,4.158883083
XC104707,b1of7,12,6,2012,9:00:00,32400,36.244,-115.719,after sunrise,,7.550611169,3.550232961,3.235027326,3.465735903
XC104951,b2of7,15,6,2012,14:50:00,53400,39.034,-114.271,after noon,,7.779513437,3.982299004,3.294437115,3.401197382
XC107570,b1of4,20,6,2012,8:30:00,30600,35.5984,-83.8098,after sunrise,,7.839794368,3.879265249,3.383178876,3.496507561
XC111473,b4of5,12,7,2011,7:32:00,27120,31.883,-109.207,after sunrise,,7.458533949,3.189016448,3.547103992,3.401197382
XC125180,b3of3,2,7,2000,11:40:00,42000,32.9823,-116.6008,after sunrise,,8.261050801,3.91519258,2.753873353,4.077537444
XC125183,b2of3,14,6,2000,15:00:00,54000,34.2109,-116.8013,after noon,,7.915365555,2.588986263,2.791855001,4.532599493
XC125190,b7of11,16,6,2000,8:10:00,29400,36.9676,-118.0459,after sunrise,,7.997652452,3.766100489,2.657079011,3.951243719
XC125194,b20of41,22,5,2001,5:10:00,18600,34.2549,-116.7111,before sunrise,,7.619459369,3.620195749,3.22520496,3.496507561
XC12579,b1of2,14,4,2007,7:42:00,27720,37.622934,-108.752289,after sunrise,,7.582803143,3.861008146,3.265861932,3.295836866
XC131573,b1of1,21,6,2012,9:20:00,33600,39.6788,-120.3144,after sunrise,,8.400695044,3.956704785,2.732732886,4.189654742
XC131638,b7of7,26,4,2013,6:34:00,23640,44.942,-93.259,after sunrise,,7.678157402,3.193964934,3.047717662,3.871201011
XC131639,b16of32,26,4,2013,6:34:00,23640,44.942,-93.259,after sunrise,,7.863022494,3.499573859,4.242034507,3.258096538
XC131640,b1of10,26,4,2013,6:34:00,23640,44.942,-93.259,after sunrise,,7.972794369,3.723510898,2.830178961,3.912023005
XC131641,b28of50,27,4,2013,5:57:00,21420,44.942,-93.259,before sunrise,,7.76061587,3.219976612,3.149882953,3.891820298
XC133489,b2of15,12,5,2013,9:30:00,34200,40.4746,-74.5269,after sunrise,,7.741492217,4.168848382,3.854864592,3.044522438
XC133534,b1of2_bird1,12,5,2013,9:30:00,34200,40.4746,-74.5269,after sunrise,,7.333334201,4.53524924,3.921501749,2.397895273
XC13646,b2of5,21,5,2007,7:50:00,28200,48.2942,-70.3417,after sunrise,,7.878894881,4.363075293,3.17805383,3.258096538
XC137480,b22of26,2,6,2013,4:22:00,15720,47.8534,-70.42,before sunrise,,7.252357641,4.344708872,3.530088395,2.564949357
XC138703,b2of4,17,6,2013,6:39:00,23940,46.0107,-112.8177,after sunrise,,8.078122054,3.680911284,2.95860226,4.007333185
XC138781,b1of1,9,5,2013,16:58:00,61080,41.718,-111.956,after noon,,8.149665923,3.06145417,2.775216392,4.532599493
XC139882,b4of4,26,5,2013,8:30:00,30600,44.4632,-104.3921,after sunrise,,7.659620503,3.622254422,3.321016878,3.496507561
XC141461,b18of27,28,6,2013,6:30:00,23400,30.0801,-99.5027,before sunrise,,6.502766248,4.63642273,3.63172104,1.609437912
XC142341,b2of8,22,6,2013,8:30:00,30600,39.4866,-78.3357,after sunrise,,8.1422111,3.550609538,3.170315519,4.077537444
XC14415,b8of10,25,6,2007,9:13:00,33180,50.6878,-115.1317,after sunrise,,7.31575685,4.158532882,3.258554309,2.833213344
XC163938,b1of2,29,4,2002,8:00:00,28800,30.0801,-99.5027,after sunrise,,7.397989393,3.787696871,3.334058079,3.135494216
XC170986,b3of9,8,4,2012,11:30:00,41400,19.689,-101.206,after sunrise,,7.207271809,3.537964275,3.549723009,2.995732274
XC176359,b4of4,25,4,2014,10:00:00,36000,41.9356,-72.1601,after sunrise,,8.003930739,4.441786339,3.292530179,3.295836866
XC177136,b3of19,4,5,2014,5:30:00,19800,41.186809,-73.892262,before sunrise,,7.230528671,2.58617718,3.293863762,3.555348061
XC177381,b1of1,2,5,2014,12:00:00,43200,41.9651,-72.1456,after sunrise,,8.093758061,2.759389503,2.996429745,4.521788577
XC179122,b13of22,21,5,2014,9:00:00,32400,13.9475,-87.1811,after sunrise,,7.481510988,4.228338811,3.054143036,2.995732274
XC182933,b3of5,14,6,2014,8:30:00,30600,36.4216,-112.0769,after sunrise,,7.903121218,3.676809862,3.176414796,3.761200116
XC184387,b7of11,29,6,2014,10:00:00,36000,18.8544,-100.3002,after sunrise,,7.543912099,4.177900448,3.887112115,2.833213344
XC188094,b3of5,11,6,2014,9:42:00,34920,52.2247,-117.202,after sunrise,,7.458533949,2.871979071,2.563989539,4.043051268
XC188159,b2of7,12,6,2014,5:58:00,21480,52.8471,-118.0812,after sunrise,,8.009958994,3.871347972,2.961606783,3.80666249
XC188824,b2of5,15,6,2014,4:43:00,16980,58.9758,-123.1714,after sunrise,,7.867287932,3.31658812,2.785751642,4.094344562
XC189062,b1of2,15,6,2014,12:01:00,43260,59.0988,-123.4621,after noon,,7.82759526,3.305602261,3.063126191,3.951243719
XC189595,b2of8,17,6,2014,8:03:00,28980,58.7648,-122.7268,after sunrise,,7.515275405,4.004999462,2.795343725,3.258096538
XC189596,b2of9,17,6,2014,8:32:00,30720,58.7648,-122.7268,after sunrise,,8.196244286,3.252695207,2.83405777,4.442651256
XC195560,b1of8,25,6,2014,4:31:00,16260,56.0883,-129.3039,before sunrise,,8.008270518,3.723266796,3.013431851,3.891820298
XC195836,b3of7,27,6,2014,8:40:00,31200,52.8214,-119.244,after sunrise,,7.929520806,3.470888821,3.027280631,3.970291914
XC205466,b17of26,22,5,2014,5:05:00,18300,38.2405,-108.8431,before sunrise,,7.053160345,3.647517771,3.167118299,2.944438979
XC206093,b20of24,28,6,2014,9:10:00,33000,37.7799,-108.0403,after sunrise,,7.717626734,3.669264779,3.018634038,3.63758616
XC210094,b3of3,30,3,2013,10:29:00,37740,19.8332,-101.7836,after sunrise,,7.554941622,3.558050864,3.31081332,3.433987204
XC236651,b2of2,19,4,2015,10:00:00,36000,45.5138,-73.5347,after sunrise,,7.868138841,2.940934517,3.10177283,4.158883083
XC246585,b2of5,13,5,2015,20:30:00,73800,34.0097,-84.0556,after noon,,7.986488747,3.666976811,3.725034491,3.610917913
XC253942,b2of3,20,6,2015,10:00:00,36000,39.0346,-119.4223,after sunrise,,7.677716518,3.676099727,3.12967208,3.555348061
XC253974,b7of9,6,4,2015,7:50:00,28200,32.3778,-93.7203,after sunrise,yes,7.385860919,4.140303253,3.345191706,2.890371758
XC253975,b2of3,6,4,2015,7:55:00,28500,32.377,-93.7157,after sunrise,,7.417628068,4.026592687,3.193802187,3.044522438
XC269237,b2of6,17,6,2015,16:59:00,61140,46.3086,-121.5431,after noon,,7.878413939,3.511401424,2.924696501,3.931825633
XC269238,b12of13,17,6,2015,17:08:00,61680,46.3086,-121.5431,after noon,,7.676392696,3.065188001,2.522245639,4.158883083
XC289051,b2of2,18,5,2013,10:05:00,36300,35.0913,-113.8886,after sunrise,,7.723260551,3.214752108,2.849585812,3.988984047
XC293008,b2of16,27,6,2015,8:04:00,29040,46.9872,-70.5887,after sunrise,,7.493423299,4.126366041,3.378382704,2.995732274
XC294302,b7of8,2,6,2015,11:04:00,39840,43.7293,-110.7412,after sunrise,,7.995515243,3.225362676,2.491847878,4.382026635
XC294364,b12of31,2,6,2015,6:25:00,23100,43.6416,-110.7628,after sunrise,,6.963925551,2.690314049,2.997318317,3.433987204
XC302537,b1of10,14,7,2013,6:00:00,21600,34.0242,-107.1338,before sunrise,,7.502046318,3.355849562,3.555671948,3.36729583
XC308415,b2of2,24,3,2016,8:00:00,28800,32.4368,-85.3914,after sunrise,,7.891556303,3.597368632,2.585764681,3.988984047
XC308852,b4of4,26,3,2016,12:00:00,43200,39.1742,-75.5424,after sunrise,,7.951335742,4.043750971,3.008002366,3.610917913
XC309778,b2of2,31,3,2016,14:00:00,50400,39.1742,-75.5424,after noon,,7.546429512,3.385513246,3.294535537,3.526360525
XC312321,b4of10,10,4,2016,8:22:00,30120,36.8844,-76.6425,after sunrise,,7.690569039,3.719169997,2.625063718,3.688879454
XC313309,b2of2,19,4,2016,11:00:00,39600,42.7335,-83.0753,after sunrise,,7.909203819,4.519439374,2.880178893,3.218875825
XC313467,b4of9,23,4,2016,7:52:00,28320,41.8217,-88.0513,after sunrise,,7.687808011,3.853182505,3.462939522,3.33220451
XC313468,3of7,23,4,2016,7:55:00,28500,41.8217,-88.0513,after sunrise,,7.457252014,4.323747144,3.758401286,2.708050201
XC313469,b2of4,23,4,2016,10:56:00,39360,41.8217,-88.0513,after sunrise,,7.978033412,3.701857049,3.028293289,3.871201011
XC313880,b1of2,13,4,2016,12:30:00,45000,32.5832,-108.4276,after noon,,8.01111817,2.958714646,3.02821483,4.33073334
XC314922,b3of6,19,4,2016,10:00:00,36000,40.8918,-91.0756,after sunrise,,7.498008036,3.282363374,3.304475271,3.526360525
XC315096,b4of8,4,5,2016,14:30:00,52200,34.1609,-89.8923,after noon,,7.648331153,4.61827081,4.17438727,2.564949357
XC320337,b6of6,3,6,2016,10:30:00,37800,42.7063,-83.4912,after sunrise,,7.927461779,3.263679102,3.283414346,3.970291914
XC320440,b7of13,5,6,2016,5:04:00,18240,44.8591,-92.7919,before sunrise,,7.819464102,4.443780895,3.880126376,2.944438979
XC321209,b3of6,14,5,2016,9:45:00,35100,32.9846,-116.5818,after sunrise,,7.632923938,3.322584183,2.921624301,3.80666249
XC322656,b8of21,31,5,2015,7:14:00,26040,31.7772,-109.3121,after sunrise,,7.749048754,3.57656036,2.85399348,3.784189634
XC322659,b15of16,23,4,2015,7:32:00,27120,31.906,-109.1543,after sunrise,,7.551945615,2.929096749,3.024096033,3.891820298
XC324926,b3of4,21,4,2013,7:00:00,25200,35.1084,-80.9483,after sunrise,,7.083707387,3.448979227,3.827029793,2.772588722
XC325097,b2of3,29,6,2016,12:00:00,43200,42.7335,-83.0753,after sunrise,,7.815373593,3.390940881,2.696536359,4.025351691
XC325446,b4of5_bird1,14,5,2016,5:00:00,18000,41.577935,-74.947005,before sunrise,,8.042122779,4.122809341,3.328596569,3.555348061
XC325938,b1of1,23,6,2016,8:30:00,30600,50.9619,-118.1997,after sunrise,,8.892755311,3.811997066,2.677098151,4.804021045
XC326776,b2of6,4,6,2016,12:00:00,43200,41.186809,-73.892262,after sunrise,,7.384088043,3.284295792,3.532589736,3.295836866
XC327741,b4of5,22,5,2016,10:30:00,37800,44.3963,-83.6242,after sunrise,,7.97923017,3.515847944,3.228996129,3.912023005
XC359412,b2of3,3,6,2014,7:00:00,25200,39.2732,-74.8938,after sunrise,,7.764531884,4.401263964,3.801751371,2.944438979
XC363865,b2of8,10,4,2017,10:00:00,36000,36.0207,-78.7277,after sunrise,,7.884409161,4.098168659,3.480018342,3.36729583
XC364591,b5of8,14,4,2017,11:00:00,39600,35.8174,-78.7193,after sunrise,,7.410740725,4.143831059,3.593718073,2.833213344
XC373249,b2of3,30,3,2017,9:00:00,32400,34.6385,-113.7545,after sunrise,,7.72016588,3.78645464,3.038680857,3.555348061
XC376219,b1of2,9,6,2017,10:00:00,36000,40.616,-74.3499,after sunrise,,7.508508658,4.269530936,3.813575635,2.772588722
XC376766,b2of6,23,6,2017,8:00:00,28800,19.8279,-99.7886,after sunrise,,7.197102631,3.790662149,4.008109884,2.63905733
XC376768,b1of1,23,6,2017,8:30:00,30600,19.8279,-99.7886,after sunrise,,7.596288658,3.977453985,3.883379407,2.995732274
XC378424,b2of6,13,6,2000,6:36:00,23760,39.6788,-120.3144,after sunrise,,7.764531884,4.01959306,3.043766294,3.433987204
XC47096,b2of6,17,4,2010,6:00:00,21600,42.91164591,-88.47706532,before sunrise,,7.921489556,4.258439752,3.483585416,3.295836866
XC52370,b1of1,7,4,2009,8:30:00,30600,35.849,-84.151,after sunrise,,7.554775413,3.916246877,4.777825162,2.48490665
XC52371,b2of4,18,6,2009,9:30:00,34200,35.8589,-84.0948,after sunrise,,7.488106966,3.968066903,3.771361187,2.944438979
XC61635,b2of2,18,5,2010,9:55:00,35700,40.83,-121.385,after sunrise,,7.690569039,3.172840483,2.645125526,4.060443011
XC6244,b3of3,11,6,2006,8:20:00,30000,24.8179,-100.06485,after sunrise,,8.268324749,3.470190253,3.776577907,3.951243719
XC72165,b8of14,12,5,2006,8:40:00,31200,32.04,-115.905,after sunrise,,8.227774161,2.91566437,2.85396894,4.65396035
XC76506,b1of2,23,4,2011,6:54:00,24840,43.082,-96.166,after sunrise,,7.790078776,3.8818814,3.145958545,3.526360525
XC77992,b5of6,14,5,2011,13:23:00,48180,43.328,-112.035,after noon,,7.768029802,3.883804108,3.070321131,3.526360525
XC79970,b2of4,5,6,2011,7:17:00,26220,44.343,-93.105,after sunrise,,7.900183668,3.821716161,3.105478761,3.688879454
XC81357,b4of4,18,6,2011,9:15:00,33300,35.6959,-85.0909,after sunrise,,8.388493644,3.850165376,4.256248402,3.63758616
XC82109,b1of6,29,6,2011,9:45:00,35100,35.5984,-83.8098,after sunrise,,7.609594731,4.249911472,4.089748478,2.772588722
XC83733,b2of7,5,7,2011,5:55:00,21300,44.0489,-78.2787,after sunrise,,8.020969434,3.821638944,3.112071266,3.80666249
