CatalogNo,RecordingDay,RecordingMonth,RecordingYear,RecordingTime,RecordingTimeSeconds,Latitude,Longitude,Duration of Song Bout (log(ms)),Mean Syllable Duration (log(ms)),Mean Inter-Syllable Silence Duration (log(ms)),Total Number of Syllables (log(number))
527118,30.0,3.0,2017.0,07:15:00,26100.0,13.531,-84.138,7.59405366299,4.06535702542,3.76563935488,2.99573227355
15421,24.0,4.0,1952.0,,,42.479981,-76.451126,7.74945929151,3.52686316357,3.26379967112,3.66356164613
64236,,6.0,1952.0,,,43.894197,-79.469649,7.96521483059,4.22098766171,3.47476530942,3.36729582999
64239,30.0,6.0,1956.0,,,50.657836,-99.963618,7.54054565908,4.35557286481,3.10742192441,2.94443897917
64242,17.0,7.0,1958.0,,,43.289007,-80.385665,7.89664717932,3.25789301693,2.95117044561,4.09434456222
64240,27.0,6.0,1958.0,,,50.658298,-99.971452,8.33105483615,3.61737966373,3.03001381096,4.27666611902
64238,19.0,6.0,1963.0,,,45.591612,-78.522575,7.86704468238,3.30780579911,3.0634664916,3.98898404656
22881,19.0,4.0,1956.0,,,36.379322,-121.566604,7.73803845888,2.90235144845,3.01333272785,4.09434456222
44360,24.0,5.0,1977.0,07:15:00,26100.0,31.883976,-109.206052,7.89700139152,3.45034897765,3.3159481196,3.82864139649
38511,8.0,6.0,1987.0,07:23:00,26580.0,42.2666667,-76.65,7.57109759514,4.28539979902,3.43983003252,2.94443897917
87491,5.0,5.0,1998.0,06:56:00,24960.0,42.605724,-76.535519,7.83390204221,4.59013711864,3.37381387818,2.99573227355
64237,19.0,7.0,1952.0,,,43.863045,-79.564795,7.85382053973,4.16421887937,3.35569399128,3.33220451018
167877,11.0,7.0,2014.0,08:48:00,31680.0,42.4352876,-76.3051343,7.45210778078,4.04137902656,3.42785097207,2.99573227355
213694,11.0,7.0,2008.0,05:18:00,19080.0,42.3540407,-76.6856003,7.30407819498,4.25172939753,3.65598787612,2.63905732962
141608,13.0,6.0,2000.0,08:31:00,30660.0,39.6333333,-120.2833333,7.99882597352,3.58178643075,2.97362690733,3.98898404656
141599,13.0,6.0,2000.0,06:35:00,23700.0,39.6333333,-120.2833333,7.76372293102,4.00923985221,3.06866797898,3.43398720449
176252,3.0,7.0,2009.0,12:57:00,46620.0,39.1161497,-86.1766291,7.71025499642,3.82742698047,3.46877832213,3.36729582999
176208,28.0,6.0,2009.0,06:45:00,24300.0,39.1295398,-86.1588192,7.81614183903,3.80274032457,2.77654912324,3.7135720667
176280,24.0,6.0,2010.0,05:57:00,21420.0,39.1324693,-86.3456726,6.46245974802,4.31572288804,3.64507683157,1.79175946923
176261,10.0,7.0,2009.0,06:15:00,22500.0,39.0895361,-86.2209284,7.53598291329,3.79951702698,3.246096583,3.295836866
176251,3.0,7.0,2009.0,12:30:00,45000.0,39.1161497,-86.1766291,7.75532521121,2.99875114368,2.84842787735,4.14313472639
176221,30.0,6.0,2009.0,06:40:00,24000.0,39.0726508,-86.2634254,7.98443569101,4.28526493674,3.38788160558,3.36729582999
224622,17.0,6.0,2009.0,04:15:00,15300.0,44.4840605,-74.4020104,6.52115865523,4.30547367353,3.28737474713,1.94591014906
224606,16.0,6.0,2009.0,04:38:00,16680.0,44.4805241,-74.407289,6.64577189432,4.2869431865,3.77014241828,1.94591014906
224629,18.0,6.0,2009.0,04:32:00,16320.0,44.4808303,-74.4073963,7.02504436511,4.36964875659,3.61477148188,2.30258509299
224604,16.0,6.0,2009.0,04:22:00,15720.0,44.4805241,-74.407289,7.00968133192,4.37041547379,3.16741543231,2.3978952728
219652,19.0,5.0,2009.0,07:42:00,27720.0,42.426647,-76.337689,8.16495284467,3.84316895538,3.24240632246,3.89182029811
219595,28.0,4.0,2009.0,05:55:00,21300.0,42.33671,-76.329797,7.91883657532,4.05831979484,3.36451994146,3.4657359028
166621,20.0,5.0,2011.0,19:30:00,70200.0,34.7473,-85.1373,8.0359777375,3.89558268451,3.0697084013,3.78418963392
166698,11.0,6.0,2012.0,07:08:00,25680.0,39.6429333,-120.5021833,7.91490184039,2.74441784556,2.71012877204,4.49980967033
191234,10.0,7.0,2012.0,05:16:00,18960.0,39.4780424,-77.7445498,7.22152272222,3.69481418968,3.39027749142,2.99573227355
191266,23.0,5.0,2003.0,05:35:00,20100.0,40.7108333,-74.7022222,7.90030133563,4.03886540987,3.5356861703,3.40119738166
214968,14.0,7.0,2014.0,05:38:00,20280.0,44.17,-107.252,7.48863987263,3.02812376915,2.54006090502,3.98898404656
192108,26.0,4.0,2014.0,10:06:00,36360.0,39.9783,-105.2844,7.53088865905,3.81363590004,2.7300291076,3.43398720449
192108,26.0,4.0,2014.0,10:06:00,36360.0,39.9783,-105.2844,7.74465917262,4.11081105204,2.9599523459,3.36729582999
192107,28.0,4.0,2014.0,09:59:00,35940.0,39.9783,-105.2844,7.68270186486,3.59953435375,2.97419882609,3.66356164613
206449,2.0,6.0,2015.0,06:22:00,22920.0,62.8906001,-141.5481949,7.5997907308,3.61548347916,2.93641065721,3.58351893846
206461,3.0,6.0,2015.0,07:13:00,25980.0,63.3784085,-143.5563755,8.09463036592,2.7773691316,2.70658780699,4.66343909411
63970,22.0,5.0,1993.0,06:45:00,24300.0,45.2416667,-81.6333333,7.55227894811,4.48358528953,3.48278549612,2.77258872224
106500,31.0,5.0,1993.0,14:20:00,51600.0,39.7166667,-120.4666667,7.85505237032,3.97041522576,3.15829930192,3.52636052462
73848,8.0,6.0,1995.0,05:20:00,19200.0,39.75,-120.35,7.03878354139,3.96420875863,2.98616282256,2.77258872224
84755,6.0,4.0,1997.0,07:58:00,28680.0,39.25,-77.4,7.85714300611,3.37264547989,3.13491659262,3.91202300543
138523,5.0,6.0,1997.0,,,44.967575,-110.709873,7.39311656403,4.36021305815,3.2118671949,2.77258872224
94463,19.0,7.0,1998.0,05:55:00,21300.0,39.4784068,-77.744236,7.7183326992,4.70345813057,3.74830287454,2.7080502011
94461,19.0,7.0,1998.0,05:55:00,21300.0,39.4784068,-77.7443647,7.8703235727,4.67772967393,3.90004681429,2.83321334406
195009,25.0,4.0,2012.0,06:27:00,23220.0,44.3504,-101.5528,7.72774486381,3.22684399452,3.02635667629,3.91202300543
177868,20.0,6.0,2012.0,,,39.6193784,-120.2723765,7.66111616589,3.27291235666,2.85156248245,3.89182029811
179993,5.0,6.0,2013.0,07:17:00,26220.0,39.6193784,-120.2723765,7.81997424044,3.94931786339,3.18988828817,3.49650756147
179374,13.0,6.0,2013.0,07:07:00,25620.0,39.6193784,-120.2723765,8.64599117685,3.92000317282,2.86299285181,4.43081679884
179382,14.0,6.0,2013.0,,,39.6517939,-120.6005555,7.7595328863,2.88182370999,2.7947502942,4.2341065046
190909,21.0,4.0,2014.0,06:29:00,23340.0,42.259721,-78.08965,7.73109495086,3.52769710306,3.3424815776,3.61091791264
516141,14.0,7.0,2015.0,05:43:00,20580.0,44.181,-107.259,7.61992669475,3.99165862982,3.09889256815,3.295836866
189871,2.0,6.0,2005.0,08:20:00,30000.0,39.6225,-120.2716667,7.89652908083,3.36070602032,2.78873424584,4.09434456222
112089,8.0,6.0,1998.0,07:51:00,28260.0,42.2633333,-76.6266667,7.57273158235,3.53732955599,3.30469174448,3.4657359028
146257,26.0,6.0,2005.0,05:00:00,18000.0,51.606078,-100.923507,7.55161217043,3.07979020863,2.26319505336,4.11087386417
220753,5.0,5.0,2009.0,06:51:00,24660.0,42.277243,-76.0061417,7.77071220657,4.45538705889,3.12129549647,3.09104245336
171947,8.0,6.0,2010.0,05:09:00,18540.0,39.69412,-120.44262,7.26930720031,3.08986932688,3.16231360075,3.4657359028
172257,22.0,6.0,2010.0,06:22:00,22920.0,44.9833333,-110.7,7.88428960762,4.04951479923,2.94645179315,3.55534806149
172206,20.0,6.0,2010.0,05:20:00,19200.0,44.9016667,-110.4183333,7.62489796531,3.67357011822,2.98068024907,3.55534806149
164429,15.0,6.0,2010.0,09:48:00,35280.0,39.6199104,-120.270896,7.88009622705,3.85188666483,3.05689731638,3.66356164613
168310,26.0,6.0,2011.0,05:30:00,19800.0,39.47774,-77.7446,8.03525835005,3.58512098949,3.01840107327,4.00733318523
175596,27.0,4.0,2013.0,11:37:00,41820.0,42.349733,-76.699017,7.9008894673,4.73121750265,3.40939414886,2.94443897917
181462,15.0,6.0,2013.0,10:20:00,37200.0,38.048111,-119.263575,7.71988407129,3.20987601217,3.25264268739,3.80666248977
195793,6.0,6.0,2014.0,05:58:00,21480.0,46.213932,-84.9936676,7.967857713,2.77641881058,2.76217311577,4.51085950652
209314,20.0,4.0,2014.0,07:30:00,27000.0,39.088655,-86.220443,7.54726724394,3.63307550331,3.18201423176,3.43398720449
15423,5.0,5.0,1952.0,,,42.479981,-76.451126,7.98346171762,4.4450759523,3.50893601964,3.21887582487
15424,9.0,5.0,1952.0,,,42.479981,-76.451126,7.94572971806,4.07526729534,3.11112631829,3.55534806149
15425,3.0,6.0,1951.0,,,42.479981,-76.451126,7.6256724984,3.72351991724,2.9684268228,3.52636052462
15426,21.0,4.0,1951.0,07:30:00,27000.0,21.00899,-99.115651,7.69707806567,3.83400017624,3.5142880833,3.33220451018
15427,13.0,6.0,1958.0,09:30:00,34200.0,48.682703,-113.644101,8.16106231716,3.39403312153,3.26637288019,4.14313472639
15429,3.0,5.0,1959.0,,,48.442219,-123.310135,7.87492016962,2.84685865079,2.84206880435,4.34380542185
15430,20.0,5.0,1959.0,,,37.593038,-112.18709,7.73443385229,3.72075550393,3.04687123523,3.61091791264
15433,10.0,5.0,1962.0,,,38.240408,-78.710577,7.82860702201,4.52356680691,3.74336429919,2.94443897917
15434,15.0,5.0,1962.0,07:50:00,28200.0,38.61039,-79.871513,7.93442249699,3.42875078414,3.23895153997,3.91202300543
15436,16.0,6.0,1963.0,10:15:00,36900.0,46.704915,-92.525195,7.7336001715,3.83308598725,3.16632861202,3.49650756147
15444,30.0,5.0,1971.0,,,42.351033,-76.679443,7.84726638277,3.74544980565,2.94694210951,3.73766961828
22883,9.0,6.0,1960.0,,,39.294905,-120.382702,8.01647504457,3.33235319234,3.09272453968,4.11087386417
42245,12.0,6.0,1988.0,06:15:00,22500.0,42.983479,-120.828597,7.71677891706,3.8057498312,3.51569965721,3.36729582999
50145,12.0,5.0,1990.0,07:56:00,28560.0,42.35485,-122.786982,7.98907607069,3.92511157833,3.16322457046,3.68887945411
73955,27.0,5.0,1992.0,12:12:00,43920.0,38.476098,-86.540068,7.75668446104,3.87730009839,3.24025346882,3.4657359028
76777,4.0,6.0,1992.0,13:11:00,47460.0,31.0333,-92.9667,7.78348853177,3.66364682866,2.84641995803,3.76120011569
93745,7.0,5.0,1998.0,08:15:00,29700.0,42.354488,-76.692551,7.80572038765,4.05311831204,3.22204539965,3.40119738166
94464,19.0,7.0,1998.0,06:01:00,21660.0,39.4783,-77.7443,7.8361627814,4.66620116194,3.81150085421,2.83321334406
107546,9.0,6.0,1994.0,,,39.7167,-120.4667,7.53479657313,3.96881555446,2.83586729275,3.295836866
109257,17.0,6.0,2000.0,10:02:00,36120.0,42.856381,-121.563058,7.66320634308,3.33512917845,2.80995998764,3.87120101091
132218,24.0,6.0,2006.0,05:05:00,18300.0,65.9306,-149.8461,7.96046212741,2.94124827481,2.5406433207,4.51085950652
75281061,11.0,6.0,2015.0,05:20:00,19200.0,39.698,-120.45,8.77583870621,3.28818053839,2.76726605696,5.02388052085
75263881,9.0,6.0,2015.0,05:30:00,19800.0,39.6422,-120.505,7.90159476888,2.94287981535,2.87794923802,4.3040650932
75257731,8.0,6.0,2015.0,05:10:00,18600.0,39.6422,-120.505,7.75668446104,3.2567460989,2.72825290849,4.04305126783
72202241,21.0,6.0,2004.0,05:00:00,18000.0,39.6194,-120.276,7.7322091573,3.43301956357,3.00363745312,3.80666248977
70160751,28.0,6.0,2017.0,09:28:00,34080.0,40.3135,-75.3475,7.67300161287,4.45558423535,3.75787232567,2.83321334406
67470971,9.0,6.0,2008.0,14:00:00,50400.0,39.6169,-120.489,7.67595103234,2.66124810931,2.89777308537,4.20469261939
67370131,11.0,6.0,2015.0,05:00:00,18000.0,39.698,-120.45,7.939073932,3.870056355,3.35456538093,3.61091791264
65614601,4.0,7.0,2017.0,09:39:00,34740.0,44.9621,-115.1201,7.53411803211,4.43458896479,3.76787504129,2.7080502011
65614601,4.0,7.0,2017.0,09:39:00,34740.0,44.9621,-115.1201,7.77191694541,3.44265409535,3.14369393097,3.78418963392
65256221,5.0,8.0,2017.0,15:15:00,54900.0,33.7394,-79.421,7.75573318023,4.11921782695,3.50298007584,3.21887582487
64713371,22.0,7.0,2017.0,08:50:00,31800.0,45.2742,-92.7725,7.62922764537,4.13741510909,3.47663621761,3.09104245336
64640681,28.0,7.0,2017.0,07:45:00,27900.0,35.7708,-78.542,7.70883110333,3.52825443768,3.5407867764,3.49650756147
64129161,7.0,7.0,2017.0,06:48:00,24480.0,42.431,-76.2959,7.91929846899,4.36068949727,3.49658772492,3.21887582487
64041271,22.0,7.0,2017.0,12:15:00,44100.0,34.6645,-89.4624,8.12318599956,4.04233935887,2.91107938841,3.80666248977
63757551,18.0,7.0,2017.0,08:30:00,30600.0,35.1483,-76.6448,7.78507415544,4.02958392486,3.52865624273,3.295836866
63496741,16.0,7.0,2017.0,07:00:00,25200.0,42.4678,-76.4556,7.9456172765,3.37343219873,3.03082359316,4.04305126783
63391781,5.0,7.0,2017.0,05:20:00,19200.0,36.7097,-118.8448,7.79427385266,3.82689424524,3.26668059779,3.52636052462
62976331,9.0,7.0,2017.0,06:59:00,25140.0,42.3337,-76.6796,7.84590068616,3.24149706125,2.93428929973,4.06044301055
30946051,5.0,7.0,2016.0,06:45:00,24300.0,42.3954,-76.7769,7.68211664185,3.87153164416,4.15301796384,2.99573227355
51073421,25.0,5.0,2005.0,,,50.8562,-118.0996,7.89570199987,3.82125276899,2.93013499106,3.73766961828
56336181,30.0,4.0,2017.0,06:22:00,22920.0,42.4678,-76.4556,7.75491707568,4.05306579934,3.28473622344,3.33220451018
62880971,19.0,6.0,2017.0,07:55:00,28500.0,46.6333975,-88.5335408,8.01238119549,3.53752417443,3.60166191287,3.76120011569
62788091,5.0,7.0,2017.0,10:10:00,36600.0,42.6401467,-70.9993172,8.07585414444,4.20100293655,3.45495127059,3.49650756147
62595431,2.0,7.0,2017.0,14:30:00,52200.0,40.7273563,-110.9003305,7.66335547424,2.78319693812,2.85443223787,4.15888308336
62534811,3.0,7.0,2017.0,08:50:00,31800.0,35.105192,-81.2694073,7.44452708441,4.34752780065,4.45471636802,2.3978952728
62507851,3.0,7.0,2017.0,08:15:00,29700.0,42.6403124,-81.821756,7.9046453402,3.03972384286,3.20582356674,4.09434456222
62503991,3.0,7.0,2017.0,05:40:00,20400.0,39.4731354,-77.7444763,7.79662587227,4.31819333214,3.31198771857,3.17805383035
62047421,18.0,6.0,2017.0,12:13:00,43980.0,40.6079253,-82.3048711,8.57671917079,4.36270008449,3.26175284941,3.93182563272
61916011,29.0,5.0,2017.0,05:10:00,18600.0,39.2457593,-74.8549765,7.8823748153,4.33670267855,3.56798599617,3.17805383035
61915841,29.0,5.0,2017.0,05:10:00,18600.0,39.2457593,-74.8549765,7.83276975293,3.69264220732,3.15631607981,3.68887945411
61752381,23.0,6.0,2017.0,06:11:00,22260.0,19.831629,-99.7883468,7.20255481931,3.90656596604,3.90688160586,2.63905732962
61683011,23.0,4.0,2017.0,11:57:00,43020.0,44.1190414,-94.5516754,7.90382494762,3.89716053648,3.44342291204,3.52636052462
61229511,14.0,6.0,2017.0,10:30:00,37800.0,42.4564505,-76.4775909,7.72016588022,3.78406937646,3.95246397492,3.17805383035
61136181,14.0,6.0,2017.0,05:15:00,18900.0,42.4563705,-76.4783031,7.3155457234,3.91835214053,3.84075998539,2.77258872224
61110051,7.0,5.0,2017.0,06:01:00,21660.0,48.2713287,-121.6035296,7.70597722028,3.22204539965,2.88978369558,3.95124371858
61082981,13.0,6.0,2017.0,15:40:00,56400.0,41.7068979,-86.0577321,7.44823216499,3.3125667839,3.23227768106,3.49650756147
61069461,14.0,6.0,2017.0,10:51:00,39060.0,42.456559,-76.477629,7.57664229308,3.77257847294,3.9500219714,3.04452243772
60991241,12.0,6.0,2017.0,06:00:00,21600.0,42.544628,-76.799615,8.45234139369,3.83123928254,3.27256703546,4.1743872699
60937361,12.0,5.0,2017.0,07:30:00,27000.0,35.6901148,-105.8881831,7.68562285453,3.4057222762,3.10109278911,3.73766961828
60835531,11.0,6.0,2017.0,05:32:00,19920.0,40.471743,-74.5586,7.86216721862,4.74602761853,3.68887945411,2.83321334406
60825391,11.0,6.0,2017.0,10:18:00,37080.0,38.0425019,-122.7990925,7.64636130627,3.8145941808,2.92482430408,3.49650756147
59701521,29.0,5.0,2017.0,10:40:00,38400.0,41.4124473,-88.2196999,7.71593038069,3.30032334668,3.53960370386,3.61091791264
59630451,28.0,5.0,2017.0,09:37:00,34620.0,51.684564,-120.015705,7.82404601086,3.51449969936,3.22385208472,3.76120011569
59229281,16.0,5.0,2017.0,06:23:00,22980.0,48.4577471,-123.3238292,7.59660753504,3.51674393811,2.80482697281,3.68887945411
59170581,18.0,5.0,2017.0,17:30:00,63000.0,33.2387369,-117.0042041,7.69808678386,3.36654294664,3.71814491309,3.4657359028
59078691,18.0,5.0,2017.0,08:38:00,31080.0,48.7245954,-116.3088334,7.69447953657,3.78826980279,2.85106033774,3.58351893846
58447071,17.0,5.0,2017.0,17:30:00,63000.0,43.6606071,-65.8169568,8.0519780789,4.15866260046,3.9949356399,3.295836866
58237601,15.0,5.0,2017.0,09:05:00,32700.0,41.2407226,-76.9371486,7.7442466597,3.27504609617,3.46771806389,3.68887945411
58183101,6.0,6.0,2014.0,08:00:00,28800.0,41.5230215,-70.6763148,7.62845586202,3.79759567773,2.79447351549,3.52636052462
57546521,7.0,5.0,2017.0,07:29:00,26940.0,46.5827185,-112.0235431,7.6641007971,3.91677360822,2.82532107303,3.4657359028
57546081,7.0,5.0,2017.0,06:28:00,23280.0,46.5753091,-112.0248735,7.84627333385,3.43856492587,2.96314348879,3.93182563272
57536381,23.0,4.0,2017.0,06:45:00,24300.0,42.4259195,-76.3357544,7.81780434975,3.76427155979,3.71481283614,3.40119738166
57327041,6.0,5.0,2017.0,06:10:00,22200.0,39.3754451,-113.2934189,7.89286108873,3.76237886767,3.12787381209,3.7135720667
57170271,25.0,4.0,2017.0,19:09:00,68940.0,42.4749353,-76.4600828,8.21840202188,4.16371147524,3.90345465574,3.49650756147
57116861,7.0,5.0,2017.0,10:40:00,38400.0,43.0027719,-77.6771057,7.60549507184,3.6042265687,4.04608335868,3.09104245336
57105731,4.0,5.0,2017.0,05:58:00,21480.0,43.8702152,-72.8392073,7.61992669475,3.58681327284,3.42179507255,3.43398720449
56760661,30.0,4.0,2017.0,07:43:00,27780.0,42.3483635,-76.1646831,7.5477695462,4.1190983014,3.69984207218,2.94443897917
56682831,27.0,3.0,2017.0,18:31:00,66660.0,35.9563584,-88.9985061,8.07920489171,3.53263013769,3.302462541,3.97029191355
56466101,27.0,4.0,2017.0,07:45:00,27900.0,41.4688915,-71.5796614,7.61711945683,4.3888063217,2.83694121397,3.04452243772
56464981,27.0,4.0,2017.0,07:10:00,25800.0,41.480261,-71.5635842,7.96223321485,4.13978174078,3.71842113315,3.33220451018
56335081,17.0,4.0,2017.0,07:30:00,27000.0,43.40066,-70.62553,7.60201295372,4.28999012145,3.53266904137,2.94443897917
56023061,27.0,4.0,2017.0,06:40:00,24000.0,42.3483635,-76.1646831,8.14174909959,2.65736121601,3.33119619164,4.40671924726
55941541,27.0,4.0,2017.0,14:13:00,51180.0,44.3354061,-69.1767025,7.99829272569,4.31997690672,3.06817597408,3.43398720449
55891391,26.0,4.0,2017.0,06:48:00,24480.0,49.2382662,-123.1517816,7.82797479108,3.84225237778,3.25103293635,3.55534806149
55863891,26.0,4.0,2017.0,11:16:00,40560.0,36.4586859,-121.798026,7.81703738089,3.578693972,2.78692318122,3.87120101091
55584461,23.0,4.0,2017.0,06:01:00,21660.0,41.0852971,-74.183338,7.76358804168,4.31353611065,3.5205189437,3.09104245336
55554691,22.0,4.0,2017.0,19:59:00,71940.0,46.378527,-94.377093,7.87588518796,4.25019447782,3.72113483915,3.17805383035
55470981,23.0,4.0,2017.0,10:34:00,38040.0,40.7709151,-73.1553978,8.23065332347,3.68049014305,3.28341434613,4.04305126783
55344231,20.0,4.0,2017.0,13:35:00,48900.0,41.6806368,-71.3021922,8.56661807468,3.74284506491,3.37304514201,4.3040650932
55340881,20.0,4.0,2017.0,10:10:00,36600.0,41.647252,-71.2656391,8.17053592967,4.12448768951,3.54521882815,3.61091791264
55265651,21.0,4.0,2017.0,05:42:00,20520.0,38.9728225,-121.1465406,7.67874494635,3.99788429602,3.03410228506,3.36729582999
55176911,20.0,4.0,2017.0,19:10:00,69000.0,38.858632,-99.3353976,7.61508709475,3.37774486644,2.968258018,3.73766961828
55143861,20.0,4.0,2017.0,06:30:00,23400.0,37.462891,-77.9100446,7.82022921214,4.03185951721,3.41991750889,3.36729582999
54947101,20.0,6.0,2016.0,05:15:00,18900.0,54.4614576,-110.1410294,7.67241068328,3.34260321751,3.20706026364,3.7135720667
54868471,14.0,4.0,2017.0,07:05:00,25500.0,41.480261,-71.5635842,8.00435496172,4.44882855563,3.96973556146,3.09104245336
54719121,16.0,4.0,2017.0,07:00:00,25200.0,43.1123805,-89.4845503,7.61602562088,3.07053957159,3.09642351987,3.85014760171
54636381,15.0,4.0,2017.0,06:48:00,24480.0,41.0852971,-74.183338,7.88703571432,3.85889913994,3.22800510192,3.61091791264
54632481,15.0,4.0,2017.0,15:26:00,55560.0,38.1296787,-122.5952339,8.13171743464,3.04869612955,3.2020032636,4.31748811354
54615501,13.0,4.0,2017.0,06:40:00,24000.0,43.8119861,-73.4951019,7.46818706019,3.07960102872,2.96697813635,3.76120011569
54367981,10.0,4.0,2017.0,10:10:00,36600.0,39.5258047,-82.2603625,7.8655839395,3.61548347916,3.58979799966,3.58351893846
54245591,12.0,4.0,2017.0,07:51:00,28260.0,40.171062,-75.416025,7.71988407129,3.58406145849,3.10521960055,3.66356164613
53817481,8.0,4.0,2017.0,07:37:00,27420.0,35.8461876,-84.1560137,8.21977071326,4.1936962778,4.01299294417,3.43398720449
53817461,8.0,4.0,2017.0,07:37:00,27420.0,35.8461876,-84.1560137,7.6931777355,3.73089121674,3.32109777995,3.4657359028
53487311,5.0,4.0,2017.0,07:15:00,26100.0,41.573025,-71.721511,7.62598214404,3.73069868363,4.07322360606,3.04452243772
53420611,4.0,4.0,2017.0,10:30:00,37800.0,36.2283221,-81.5000153,7.85085794021,4.63864248652,3.72734573492,2.8903717579
53366871,3.0,4.0,2017.0,11:31:00,41460.0,40.316817,-76.397796,7.84229124801,3.92664893791,2.70330490263,3.66356164613
53021931,30.0,3.0,2017.0,07:50:00,28200.0,39.3497825,-76.5118374,7.92608673654,3.66131629516,3.01690069812,3.85014760171
52971811,30.0,3.0,2017.0,08:35:00,30900.0,30.0769673,-99.5034742,7.66573855546,3.3023536294,3.65482394981,3.49650756147
52867771,30.0,3.0,2017.0,08:10:00,29400.0,34.6644876,-89.4624424,7.88476773365,4.55128771288,3.50655789722,3.04452243772
52595781,27.0,3.0,2017.0,09:59:00,35940.0,38.6217,-77.7228,7.29009796986,4.34359925749,3.39589232939,2.63905732962
48237091,10.0,6.0,2016.0,05:45:00,20700.0,55.505543,-114.039281,7.90897055599,2.72966897429,2.66801282785,4.52178857705
47979571,10.0,6.0,2016.0,05:45:00,20700.0,55.505543,-114.039281,7.9346498987,2.92806127907,2.52362191471,4.49980967033
47744191,5.0,6.0,2016.0,07:00:00,25200.0,55.2355942,-114.0554609,7.90405941398,3.19190645195,3.233466104,4.00733318523
36028431,4.0,6.0,2016.0,07:16:00,26160.0,40.4709797,-74.5232248,7.66945078783,3.08421648847,3.70140571392,3.55534806149
31668351,23.0,7.0,2016.0,11:00:00,39600.0,43.3211705,-70.8925803,7.61899182445,4.12978413201,3.46109552319,3.09104245336
31356151,29.0,6.0,2016.0,19:57:00,71820.0,43.26369,-123.46631,8.08665444582,3.3359576124,2.58106746845,4.36944785247
30045451,10.0,6.0,2016.0,09:45:00,35100.0,43.3940482,-70.6263399,7.63415300589,4.070924288,3.35818758036,3.17805383035
29912751,2.0,6.0,2016.0,04:25:00,15900.0,41.6704398,-71.2719503,6.99814717931,3.38928493572,3.16138121993,3.04452243772
29891771,4.0,6.0,2016.0,06:46:00,24360.0,40.1422203,-75.345735,8.04314329169,4.01738352117,3.83597583233,3.43398720449
29855421,5.0,6.0,2016.0,11:43:00,42180.0,43.8119861,-73.4951019,7.38448228745,2.72437709437,3.41247145809,3.58351893846
29810211,2.0,6.0,2016.0,17:33:00,63180.0,42.4712343,-76.4592433,7.80817469359,4.24063096308,3.79355946621,3.09104245336
29804411,31.0,5.0,2012.0,04:15:00,15300.0,44.528164,-72.816124,7.81268007544,2.75761192215,3.17180461251,4.14313472639
29405651,25.0,5.0,2016.0,18:30:00,66600.0,48.4933029,-123.4072459,5.91564571057,2.97089535044,2.74849117072,2.3978952728
28478521,12.0,3.0,2016.0,07:43:00,27780.0,35.8461876,-84.1560137,7.6175878775,2.76842283823,3.50493055762,3.73766961828
28295391,6.0,5.0,2016.0,08:43:00,31380.0,36.3312283,-82.4424711,7.73817683832,4.23617475762,3.16003532478,3.21887582487
27647091,25.0,4.0,2016.0,06:01:00,21660.0,42.2148515,-71.0751915,8.02013479695,3.52136241278,3.17851160097,3.97029191355
27646801,25.0,4.0,2016.0,06:01:00,21660.0,42.2148515,-71.0751915,7.9570216937,4.40361726731,3.37438612434,3.25809653802
27575581,21.0,6.0,2015.0,06:40:00,24000.0,39.9061809,-75.3574562,7.95824384801,4.38417379874,3.70496742738,3.17805383035
27447641,22.0,4.0,2016.0,07:35:00,27300.0,42.5371252,-76.5506476,7.8863200654,4.26972306476,3.46771806389,3.25809653802
27432141,21.0,4.0,2016.0,07:13:00,25980.0,35.8461876,-84.1560137,8.03854276227,4.41213892716,3.51276569521,3.295836866
27191601,17.0,4.0,2016.0,08:44:00,31440.0,36.0151011,-84.1660004,7.23236606231,3.50141649775,4.37405846509,2.56494935746
26292371,27.0,3.0,2016.0,07:25:00,26700.0,36.3875711,-79.7036648,7.63507381632,3.96814881366,3.20584872669,3.295836866
25574571,11.0,3.0,2016.0,11:55:00,42900.0,35.8461876,-84.1560137,7.18778913046,3.76839873867,3.02928985061,3.04452243772
XC363865,10.0,4.0,2017.0,10:00:00,36000.0,36.0207,-78.7277,7.88440916075,4.0981686587,3.48001834208,3.36729582999
XC378424,13.0,6.0,2000.0,06:36:00,23760.0,39.6788,-120.3144,7.76453188351,4.01959305982,3.04376629382,3.43398720449
XC376219,9.0,6.0,2017.0,10:00:00,36000.0,40.616,-74.3499,7.50850865762,4.2695309357,3.8135756346,2.77258872224
XC327741,22.0,5.0,2016.0,10:30:00,37800.0,44.3963,-83.6242,7.97923017017,3.51584794409,3.228996129,3.91202300543
XC325097,29.0,6.0,2016.0,12:00:00,43200.0,42.7335,-83.0753,7.81537359312,3.39094088146,2.69653635916,4.02535169074
XC322659,23.0,4.0,2015.0,07:32:00,27120.0,31.906,-109.1543,7.55194561458,2.92909674884,3.02409603338,3.89182029811
XC320440,5.0,6.0,2016.0,05:04:00,18240.0,44.8591,-92.7919,7.81946410152,4.44378089491,3.88012637566,2.94443897917
XC315096,4.0,5.0,2016.0,14:30:00,52200.0,34.1609,-89.8923,7.64833115305,4.61827080985,4.1743872699,2.56494935746
XC313467,23.0,4.0,2016.0,07:52:00,28320.0,41.8217,-88.0513,7.68780801102,3.85318250534,3.46293952157,3.33220451018
XC313309,19.0,4.0,2016.0,11:00:00,39600.0,42.7335,-83.0753,7.90920381911,4.51943937396,2.88017889337,3.21887582487
XC308852,26.0,3.0,2016.0,12:00:00,43200.0,39.1742,-75.5424,7.95133574243,4.04375097106,3.00800236613,3.61091791264
XC294364,2.0,6.0,2015.0,06:25:00,23100.0,43.6416,-110.7628,6.96392555066,2.69031404933,2.99731831662,3.43398720449
XC293008,27.0,6.0,2015.0,08:04:00,29040.0,46.9872,-70.5887,7.49342329892,4.12636604075,3.37838270387,2.99573227355
XC269238,17.0,6.0,2015.0,17:08:00,61680.0,46.3086,-121.5431,7.67639269596,3.06518800071,2.52224563928,4.15888308336
XC269237,17.0,6.0,2015.0,16:59:00,61140.0,46.3086,-121.5431,7.87841393891,3.51140142398,2.92469650051,3.93182563272
XC246585,13.0,5.0,2015.0,20:30:00,73800.0,34.0097,-84.0556,7.98648874699,3.66697681114,3.72503449067,3.61091791264
XC195560,25.0,6.0,2014.0,04:31:00,16260.0,56.0883,-129.3039,8.00827051789,3.72326679643,3.01343185079,3.89182029811
XC189596,17.0,6.0,2014.0,08:32:00,30720.0,58.7648,-122.7268,8.19624428636,3.25269520706,2.83405776978,4.44265125649
XC189062,15.0,6.0,2014.0,12:01:00,43260.0,59.0988,-123.4621,7.82759526041,3.3056022608,3.0631261912,3.95124371858
XC188824,15.0,6.0,2014.0,04:43:00,16980.0,58.9758,-123.1714,7.86728793195,3.31658811983,2.78575164215,4.09434456222
XC188159,12.0,6.0,2014.0,05:58:00,21480.0,52.8471,-118.0812,8.00995899442,3.8713479724,2.96160678284,3.80666248977
XC188094,11.0,6.0,2014.0,09:42:00,34920.0,52.2247,-117.202,7.45853394864,2.8719790708,2.56398953852,4.04305126783
XC179122,21.0,5.0,2014.0,09:00:00,32400.0,13.9475,-87.1811,7.48151098823,4.22833881063,3.05414303577,2.99573227355
XC170986,8.0,4.0,2012.0,11:30:00,41400.0,19.689,-101.206,7.20727180893,3.53796427524,3.54972300936,2.99573227355
XC163938,29.0,4.0,2002.0,08:00:00,28800.0,30.0801,-99.5027,7.39798939312,3.78769687114,3.33405807876,3.13549421593
XC142341,22.0,6.0,2013.0,08:30:00,30600.0,39.4866,-78.3357,8.14221110018,3.55060953783,3.1703155192,4.07753744391
XC141461,28.0,6.0,2013.0,06:30:00,23400.0,30.0801,-99.5027,6.50276624803,4.63642272974,3.63172104033,1.60943791243
XC139882,26.0,5.0,2013.0,08:30:00,30600.0,44.4632,-104.3921,7.65962050311,3.62225442226,3.32101687777,3.49650756147
XC138781,9.0,5.0,2013.0,16:58:00,61080.0,41.718,-111.956,8.14966592258,3.06145417016,2.77521639189,4.53259949315
XC131641,27.0,4.0,2013.0,05:57:00,21420.0,44.942,-93.259,7.7606158698,3.21997661158,3.14988295324,3.89182029811
XC131573,21.0,6.0,2012.0,09:20:00,33600.0,39.6788,-120.3144,8.40069504419,3.95670478516,2.73273288649,4.18965474203
XC125194,22.0,5.0,2001.0,05:10:00,18600.0,34.2549,-116.7111,7.61945936861,3.62019574929,3.22520495997,3.49650756147
XC125192,6.0,4.0,1995.0,,,36.548,-117.4878,7.95468433374,3.01380057228,2.91138590645,4.3040650932
XC125190,16.0,6.0,2000.0,08:10:00,29400.0,36.9676,-118.0459,7.99765245245,3.76610048946,2.65707901132,3.95124371858
XC125188,2.0,6.0,1995.0,,,37.2884,-118.1502,7.52491237563,3.66320709918,3.06817597408,3.43398720449
XC104951,15.0,6.0,2012.0,14:50:00,53400.0,39.034,-114.271,7.77951343689,3.98229900397,3.29443711533,3.40119738166
XC83519,27.0,4.0,2008.0,,,42.6409,-77.3509,8.21135792438,4.12379367867,3.65798377974,3.61091791264
XC77992,14.0,5.0,2011.0,13:23:00,48180.0,43.328,-112.035,7.76802980168,3.88380410802,3.0703211306,3.52636052462
XC61635,18.0,5.0,2010.0,09:55:00,35700.0,40.83,-121.385,7.69056903869,3.17284048319,2.64512552581,4.06044301055
XC56891,25.0,6.0,2010.0,,,41.637,-70.56,7.12055985239,3.40455872933,3.30970956727,3.09104245336
XC47096,17.0,4.0,2010.0,06:00:00,21600.0,42.91164591,-88.47706532,7.9214895556,4.25843975223,3.48358541629,3.295836866
XC16985,7.0,5.0,2007.0,,,41.93338,-83.54994,7.96112665289,4.17241293556,3.85493181632,3.25809653802
XC14415,25.0,6.0,2007.0,09:13:00,33180.0,50.6878,-115.1317,7.31575685021,4.15853288205,3.25855430861,2.83321334406
XC13646,21.0,5.0,2007.0,07:50:00,28200.0,48.2942,-70.3417,7.87889488146,4.36307529331,3.17805383035,3.25809653802
XC12579,14.0,4.0,2007.0,07:42:00,27720.0,37.622934,-108.752289,7.58280314263,3.86100814617,3.26586193223,3.295836866
XC376766,23.0,6.0,2017.0,08:00:00,28800.0,19.8279,-99.7886,7.19710263109,3.79066214852,4.00810988425,2.63905732962
XC373249,30.0,3.0,2017.0,09:00:00,32400.0,34.6385,-113.7545,7.72016588022,3.78645464049,3.03868085696,3.55534806149
XC364591,14.0,4.0,2017.0,11:00:00,39600.0,35.8174,-78.7193,7.41074072512,4.14383105882,3.59371807279,2.83321334406
XC359412,3.0,6.0,2014.0,07:00:00,25200.0,39.2732,-74.8938,7.76453188351,4.40126396386,3.80175137106,2.94443897917
XC326708,24.0,6.0,2016.0,04:06:00,14760.0,48.1419,-69.6951,7.25550159227,2.69261563058,3.1397193254,3.63758615973
XC325938,23.0,6.0,2016.0,08:30:00,30600.0,50.9619,-118.1997,8.89275531107,3.81199706603,2.67709815123,4.80402104473
XC325446,14.0,5.0,2016.0,05:00:00,18000.0,41.577935,-74.947005,8.04212277936,4.12280934067,3.32859656866,3.55534806149
XC324926,21.0,4.0,2013.0,07:00:00,25200.0,35.1084,-80.9483,7.08370738717,3.44897922717,3.82702979268,2.77258872224
XC322656,31.0,5.0,2015.0,07:14:00,26040.0,31.7772,-109.3121,7.74904875436,3.57656036,2.85399348017,3.78418963392
XC321209,14.0,5.0,2016.0,09:45:00,35100.0,32.9846,-116.5818,7.63292393807,3.32258418286,2.92162430132,3.80666248977
XC320337,3.0,6.0,2016.0,10:30:00,37800.0,42.7063,-83.4912,7.92746177944,3.26367910186,3.28341434613,3.97029191355
XC315158,29.0,4.0,2016.0,10:03:00,36180.0,45.7816,-84.7655,7.56765750691,3.71183556889,3.46275527451,3.295836866
XC314922,19.0,4.0,2016.0,10:00:00,36000.0,40.8918,-91.0756,7.49800803613,3.28236337368,3.30447527065,3.52636052462
XC313880,13.0,4.0,2016.0,12:30:00,45000.0,32.5832,-108.4276,8.01111817031,2.95871464575,3.0282148295,4.33073334029
XC313469,23.0,4.0,2016.0,10:56:00,39360.0,41.8217,-88.0513,7.97803341198,3.70185704892,3.0282932894,3.87120101091
XC313468,23.0,4.0,2016.0,07:55:00,28500.0,41.8217,-88.0513,7.45725201413,4.32374714447,3.75840128611,2.7080502011
XC312321,10.0,4.0,2016.0,08:22:00,30120.0,36.8844,-76.6425,7.69056903869,3.71916999658,2.62506371771,3.68887945411
XC309778,31.0,3.0,2016.0,14:00:00,50400.0,39.1742,-75.5424,7.54642951225,3.38551324579,3.29453553668,3.52636052462
XC294302,2.0,6.0,2015.0,11:04:00,39840.0,43.7293,-110.7412,7.99551524295,3.22536267608,2.4918478778,4.38202663467
XC206093,28.0,6.0,2014.0,09:10:00,33000.0,37.7799,-108.0403,7.71762673402,3.66926477897,3.01863403768,3.63758615973
XC205466,22.0,5.0,2014.0,05:05:00,18300.0,38.2405,-108.8431,7.0531603446,3.64751777076,3.16711829937,2.94443897917
XC195836,27.0,6.0,2014.0,08:40:00,31200.0,52.8214,-119.244,7.92952080566,3.47088882118,3.02728063124,3.97029191355
XC189595,17.0,6.0,2014.0,08:03:00,28980.0,58.7648,-122.7268,7.51527540539,4.00499946185,2.79534372534,3.25809653802
XC184387,29.0,6.0,2014.0,10:00:00,36000.0,18.8544,-100.3002,7.5439120987,4.17790044791,3.88711211505,2.83321334406
XC182933,14.0,6.0,2014.0,08:30:00,30600.0,36.4216,-112.0769,7.90312121779,3.67680986174,3.17641479578,3.76120011569
XC177381,2.0,5.0,2014.0,12:00:00,43200.0,41.9651,-72.1456,8.09375806149,2.7593895033,2.99642974526,4.52178857705
XC176359,25.0,4.0,2014.0,10:00:00,36000.0,41.9356,-72.1601,8.00393073866,4.44178633926,3.29253017938,3.295836866
XC137480,2.0,6.0,2013.0,04:22:00,15720.0,47.8534,-70.42,7.25235764138,4.34470887167,3.53008839482,2.56494935746
XC133534,12.0,5.0,2013.0,09:30:00,34200.0,40.4746,-74.5269,7.33333420126,4.53524924022,3.92150174946,2.3978952728
XC133489,12.0,5.0,2013.0,09:30:00,34200.0,40.4746,-74.5269,7.74149221658,4.16884838161,3.85486459154,3.04452243772
XC131640,26.0,4.0,2013.0,06:34:00,23640.0,44.942,-93.259,7.9727943693,3.7235108981,2.83017896144,3.91202300543
XC131639,26.0,4.0,2013.0,06:34:00,23640.0,44.942,-93.259,7.8630224938,3.4995738586,4.24203450709,3.25809653802
XC131638,26.0,4.0,2013.0,06:34:00,23640.0,44.942,-93.259,7.67815740239,3.19396493429,3.04771766184,3.87120101091
XC125186,14.0,6.0,2000.0,,,34.2109,-116.8013,7.6418006414,3.30781655656,3.23462418196,3.68887945411
XC125185,17.0,5.0,1998.0,,,34.2549,-116.7111,7.85234033709,3.89848641966,3.29987267818,3.52636052462
XC125183,14.0,6.0,2000.0,15:00:00,54000.0,34.2109,-116.8013,7.91536555465,2.58898626319,2.79185500107,4.53259949315
XC125180,2.0,7.0,2000.0,11:40:00,42000.0,32.9823,-116.6008,8.26105080069,3.91519258021,2.7538733528,4.07753744391
XC107570,20.0,6.0,2012.0,08:30:00,30600.0,35.5984,-83.8098,7.83979436795,3.87926524882,3.38317887601,3.49650756147
XC104707,12.0,6.0,2012.0,09:00:00,32400.0,36.244,-115.719,7.5506111693,3.55023296078,3.23502732628,3.4657359028
XC102952,14.0,6.0,2010.0,08:10:00,29400.0,39.698,-120.453,8.02284482562,3.39838257715,2.89146295732,4.15888308336
XC100725,8.0,5.0,2012.0,08:00:00,28800.0,40.043,-76.345,8.2292994563,3.91687032457,3.28910250285,3.89182029811
XC83733,5.0,7.0,2011.0,05:55:00,21300.0,44.0489,-78.2787,8.02096943427,3.82163894405,3.11207126575,3.80666248977
XC81357,18.0,6.0,2011.0,09:15:00,33300.0,35.6959,-85.0909,8.38849364398,3.85016537645,4.25624840191,3.63758615973
XC79970,5.0,6.0,2011.0,07:17:00,26220.0,44.343,-93.105,7.90018366792,3.821716161,3.10547876116,3.68887945411
XC76506,23.0,4.0,2011.0,06:54:00,24840.0,43.082,-96.166,7.79007877578,3.88188140029,3.14595854467,3.52636052462
XC72165,12.0,5.0,2006.0,08:40:00,31200.0,32.04,-115.905,8.22777416146,2.9156643704,2.85396894043,4.65396035016
XC70985,,4.0,2010.0,,,29.5826,-99.7309,7.80326004327,4.22154281147,3.81143816804,3.09104245336
XC52371,18.0,6.0,2009.0,09:30:00,34200.0,35.8589,-84.0948,7.48810696558,3.9680669025,3.77136118741,2.94443897917
XC31306,17.0,6.0,2008.0,,,43.1256,-82.6098,7.63507381632,3.37066766035,3.08706630486,3.7135720667
XC31305,3.0,6.0,2008.0,,,43.1256,-82.6098,7.92448012595,3.83277363376,3.44887113272,3.58351893846
XC1256,,6.0,2000.0,,,45.919,-77.583,7.94954523168,4.06602250223,3.04398239335,3.58351893846
XC326776,4.0,6.0,2016.0,12:00:00,43200.0,41.186809,-73.892262,7.38408804318,3.28429579179,3.53258973597,3.295836866
XC302537,14.0,7.0,2013.0,06:00:00,21600.0,34.0242,-107.1338,7.50204631784,3.35584956172,3.55567194818,3.36729582999
XC289051,18.0,5.0,2013.0,10:05:00,36300.0,35.0913,-113.8886,7.72326055143,3.21475210762,2.84958581249,3.98898404656
XC253975,6.0,4.0,2015.0,07:55:00,28500.0,32.377,-93.7157,7.41762806795,4.02659268699,3.19380218728,3.04452243772
XC253974,6.0,4.0,2015.0,07:50:00,28200.0,32.3778,-93.7203,7.38586091875,4.14030325314,3.34519170564,2.8903717579
XC236651,19.0,4.0,2015.0,10:00:00,36000.0,45.5138,-73.5347,7.86813884095,2.94093451676,3.10177283003,4.15888308336
XC210094,30.0,3.0,2013.0,10:29:00,37740.0,19.8332,-101.7836,7.5549416223,3.55805086448,3.31081332029,3.43398720449
XC177136,4.0,5.0,2014.0,05:30:00,19800.0,41.186809,-73.892262,7.23052867128,2.58617717985,3.29386376183,3.55534806149
XC138703,17.0,6.0,2013.0,06:39:00,23940.0,46.0107,-112.8177,8.07812205441,3.6809112844,2.95860225996,4.00733318523
XC111473,12.0,7.0,2011.0,07:32:00,27120.0,31.883,-109.207,7.45853394864,3.18901644817,3.54710399177,3.40119738166
XC82109,29.0,6.0,2011.0,09:45:00,35100.0,35.5984,-83.8098,7.60959473056,4.24991147229,4.08974847839,2.77258872224
XC52370,7.0,4.0,2009.0,08:30:00,30600.0,35.849,-84.151,7.55477541288,3.91624687651,4.77782516157,2.48490664979
XC16984,7.0,5.0,2007.0,,,41.93338,-83.54994,7.91095156215,3.48112908317,3.40671920695,3.78418963392
XC16983,7.0,5.0,2007.0,,,41.93338,-83.54994,8.05369533765,4.0579769181,4.03417300259,3.33220451018
XC308415,24.0,3.0,2016.0,08:00:00,28800.0,32.4368,-85.3914,7.89155630253,3.59736863188,2.58576468146,3.98898404656
XC253942,20.0,6.0,2015.0,10:00:00,36000.0,39.0346,-119.4223,7.67771651765,3.67609972742,3.1296720797,3.55534806149
XC6244,11.0,6.0,2006.0,08:20:00,30000.0,24.8179,-100.06485,8.26832474876,3.47019025306,3.77657790695,3.95124371858
XC17172,16.0,7.0,2007.0,,,41.93338,-83.54994,7.83239203808,3.7712741817,3.87793898862,3.33220451018
XC376768,23.0,6.0,2017.0,08:30:00,30600.0,19.8279,-99.7886,7.59628865781,3.97745398533,3.88337940667,2.99573227355
